instance,instance_sha256,rows,columns,nonzeros,integer_columns,status,message,our_objective,published_objective,dual_bound,absolute_gap,relative_gap,matched_published,proved_optimal,independently_verified,nodes,cuts_applied,cut_filter,root_bound,root_bound_after_cuts,root_gap_closed,wall_seconds,solver_seconds,git_commit,machine,timestamp_utc,solver_options,threads,restarts,reduced_cost_fixings,seed,permuted_sha256,time_to_first_feasible,primal_integral,incumbents,incumbent_trace_recorded,certificate,certificate_check_seconds,certificate_bytes,certificate_dual_leaves,certificate_batch_leaves,branching_seconds,batch_strong_branching_seconds,batch_node_bounds_seconds,safe_bound_nodes,safe_bound_infinite,safe_bound_refusals,safe_bound_max_gap,safe_bound_max_rel_gap,conflicts_analysed,conflicts_learned,conflicts_learned_cutoff,conflict_nodes_pruned,conflict_tightenings
b-ball,67c5cb2dc43704d11f456537f6a951cb8d5bfb6d74c90fb1827a3bc34abf3586,30,100,209,88,optimal,,-1.5000000000000007,-1.50000000000001,-1.5000000000000007,0.0,0.0,1,1,1,1,16,"gomory 16: 12 accepted, 4 duplicate",-1.8181818181818183,-1.5000000000000007,1.0000,0.080954,0.0376247,bcdfb6d,"unknown; Intel64 Family 6 Model 186 Stepping 3, GenuineIntel; 12 cores; unknown RAM; Windows-AMD64",2026-10-02T08:59:01+00:00,conflict_analysis=true conflict_cutoff=true,1,0,0,0,,0.037802,0.037802,1,1,,,,,,,,,0,0,0,nan,nan,0,0,0,0,0
b-ball,67c5cb2dc43704d11f456537f6a951cb8d5bfb6d74c90fb1827a3bc34abf3586,30,100,209,88,feasible,"stopped at the time limit of 59.9996s after 60.00s, 0 iterations, 67071 nodes",-1.5000000000000002,-1.50000000000001,-1.5425381698056144,0.0425381698056142,0.028358779870409464,1,0,1,67071,56,gomory 21: 21 accepted,-1.8181818181818183,-1.5425381698056144,0.8663,60.085768,60.001318,bcdfb6d,"unknown; Intel64 Family 6 Model 186 Stepping 3, GenuineIntel; 12 cores; unknown RAM; Windows-AMD64",2026-10-02T08:59:01+00:00,conflict_analysis=true conflict_cutoff=true,1,0,0,1,e4a176f9e4ce895ec78eb7805e17bb29f52a5b6252be0bedcb0448f99d0ef8e9,0.083808,0.083808,1,1,,,,,,,,,0,0,0,nan,nan,3114,2993,2950,2,124883
b-ball,67c5cb2dc43704d11f456537f6a951cb8d5bfb6d74c90fb1827a3bc34abf3586,30,100,209,88,optimal,,-1.5000000000000004,-1.50000000000001,-1.5000000000000004,0.0,0.0,1,1,1,1,30,"gomory 15: 12 accepted, 3 duplicate",-1.8181818181818183,-1.5000000000000004,1.0000,0.084454,0.0485488,bcdfb6d,"unknown; Intel64 Family 6 Model 186 Stepping 3, GenuineIntel; 12 cores; unknown RAM; Windows-AMD64",2026-10-02T08:59:01+00:00,conflict_analysis=true conflict_cutoff=true,1,0,0,2,c7d69f935e61ebcfb326c90b8f9630d75ae36e7c3332d82c743274088771b739,0.048750,0.048750,1,1,,,,,,,,,0,0,0,nan,nan,0,0,0,0,0
ej,8a427d75008db853496fc29759c11bb77fddd5e0a0934601710f95a0a1935b00,1,3,3,3,feasible,"stopped at the time limit of 59.9998s after 60.00s, 0 iterations, 221489 nodes",25508.0,25508.0,53.0,25455.0,0.9979222204798495,1,0,1,221489,18,gomory 1: 1 accepted; mir 2: 2 accepted; zero_half 2: 2 accepted,1.0,52.00004614670533,0.0020,60.072551,60.0021379,bcdfb6d,"unknown; Intel64 Family 6 Model 186 Stepping 3, GenuineIntel; 12 cores; unknown RAM; Windows-AMD64",2026-10-02T08:59:01+00:00,conflict_analysis=true conflict_cutoff=true,1,0,0,0,,6.162786,6.162786,1,1,,,,,,,,,0,0,0,nan,nan,331,328,2,0,513
ej,8a427d75008db853496fc29759c11bb77fddd5e0a0934601710f95a0a1935b00,1,3,3,3,feasible,,40984.0,25508.0,52.0,40932.0,0.9987312121803631,0,0,1,144726,17,gomory 1: 1 accepted; mir 2: 2 accepted; zero_half 2: 2 accepted,1.0,52.00000002212671,0.0012,60.048726,60.0019155,bcdfb6d,"unknown; Intel64 Family 6 Model 186 Stepping 3, GenuineIntel; 12 cores; unknown RAM; Windows-AMD64",2026-10-02T08:59:01+00:00,conflict_analysis=true conflict_cutoff=true,1,0,0,1,f6b4864213959b25588116736e305dfc0f81783c4c7408133e1b7b2044ef8789,27.084248,43.029941,3,1,,,,,,,,,0,0,0,nan,nan,0,0,0,0,0
ej,8a427d75008db853496fc29759c11bb77fddd5e0a0934601710f95a0a1935b00,1,3,3,3,feasible,,40984.0,25508.0,52.0,40932.0,0.9987312121803631,0,0,1,144163,17,gomory 1: 1 accepted; mir 2: 2 accepted; zero_half 2: 2 accepted,1.0,52.00000002212671,0.0012,60.057057,60.0019221,bcdfb6d,"unknown; Intel64 Family 6 Model 186 Stepping 3, GenuineIntel; 12 cores; unknown RAM; Windows-AMD64",2026-10-02T08:59:01+00:00,conflict_analysis=true conflict_cutoff=true,1,0,0,2,f6b4864213959b25588116736e305dfc0f81783c4c7408133e1b7b2044ef8789,25.616276,42.306581,3,1,,,,,,,,,0,0,0,nan,nan,0,0,0,0,0
enlight8,012d661241f3ef70a7ae28d89408a030ed0b7c538ccbd1e0d820af49fd7397a3,64,128,352,128,time_limit,"stopped at the time limit of 59.9997s after 60.02s, 0 iterations, 23052 nodes; no feasible point had been found when the limit stopped the search, so none is reported (the objective is the worst representable value, not a solution)",inf,27.0,21.0,inf,inf,0,0,,23052,100,gomory 2: 2 accepted; mir 4: 4 accepted; zero_half 8: 8 accepted,1.0000000000000004,5.101190476190481,,60.062619,60.0162152,bcdfb6d,"unknown; Intel64 Family 6 Model 186 Stepping 3, GenuineIntel; 12 cores; unknown RAM; Windows-AMD64",2026-10-02T08:59:01+00:00,conflict_analysis=true conflict_cutoff=true,1,0,0,0,,,60.016215,0,0,,,,,,,,,0,0,0,nan,nan,5663,5640,0,2175,354125
enlight8,012d661241f3ef70a7ae28d89408a030ed0b7c538ccbd1e0d820af49fd7397a3,64,128,352,128,time_limit,"; no feasible point had been found when the limit stopped the search, so none is reported (the objective is the worst representable value, not a solution)",inf,27.0,19.0,inf,inf,0,0,,33315,100,gomory 2: 2 accepted; mir 4: 4 accepted; zero_half 8: 8 accepted,1.0000000000000004,3.421686746987952,,60.066454,60.0001475,bcdfb6d,"unknown; Intel64 Family 6 Model 186 Stepping 3, GenuineIntel; 12 cores; unknown RAM; Windows-AMD64",2026-10-02T08:59:01+00:00,conflict_analysis=true conflict_cutoff=true,1,0,0,1,ca34eb0c8da8a9d2f7a012cd7a7bc74b07f259b20324353dbd9bed26508e7fb5,,60.000147,0,0,,,,,,,,,0,0,0,nan,nan,5682,5672,0,2403,464745
enlight8,012d661241f3ef70a7ae28d89408a030ed0b7c538ccbd1e0d820af49fd7397a3,64,128,352,128,time_limit,"stopped at the time limit of 59.9997s after 60.00s, 0 iterations, 23480 nodes; no feasible point had been found when the limit stopped the search, so none is reported (the objective is the worst representable value, not a solution)",inf,27.0,23.0,inf,inf,0,0,,23480,100,gomory 2: 2 accepted; mir 4: 4 accepted; zero_half 8: 8 accepted,1.0000000000000004,4.09090909090909,,60.063295,60.0032815,bcdfb6d,"unknown; Intel64 Family 6 Model 186 Stepping 3, GenuineIntel; 12 cores; unknown RAM; Windows-AMD64",2026-10-02T08:59:01+00:00,conflict_analysis=true conflict_cutoff=true,1,0,0,2,8508b6e6c9dbe0141a258c653485ad11a5da24eb1c4e604182898854e6e8f600,,60.003281,0,0,,,,,,,,,0,0,0,nan,nan,5622,5616,0,1841,437739
enlight_hard,942168c2126a2a91ae3ec1ededea59bc1af0cad55f94223edf4c03d20e831f66,100,200,560,200,time_limit,"stopped at the time limit of 59.9995s after 60.01s, 0 iterations, 43400 nodes; no feasible point had been found when the limit stopped the search, so none is reported (the objective is the worst representable value, not a solution)",inf,37.0,26.0,inf,inf,0,0,,43400,100,"gomory 48: 40 accepted, 8 duplicate; mir 70: 70 accepted; zero_half 267: 267 accepted",15.5,19.33738921646525,,60.078643,60.0065281,bcdfb6d,"unknown; Intel64 Family 6 Model 186 Stepping 3, GenuineIntel; 12 cores; unknown RAM; Windows-AMD64",2026-10-02T08:59:01+00:00,conflict_analysis=true conflict_cutoff=true,1,0,0,0,,,60.006528,0,0,,,,,,,,,0,0,0,nan,nan,4176,4174,0,1438,670184
enlight_hard,942168c2126a2a91ae3ec1ededea59bc1af0cad55f94223edf4c03d20e831f66,100,200,560,200,time_limit,"stopped at the time limit of 59.9996s after 60.01s, 0 iterations, 51002 nodes; no feasible point had been found when the limit stopped the search, so none is reported (the objective is the worst representable value, not a solution)",inf,37.0,24.0,inf,inf,0,0,,51002,100,"gomory 42: 36 accepted, 6 duplicate; mir 58: 58 accepted; zero_half 228: 228 accepted",15.5,19.29054392097489,,60.071150,60.0070076,bcdfb6d,"unknown; Intel64 Family 6 Model 186 Stepping 3, GenuineIntel; 12 cores; unknown RAM; Windows-AMD64",2026-10-02T08:59:01+00:00,conflict_analysis=true conflict_cutoff=true,1,0,0,1,c763ce931eea52495c6f6486080d3ab1879ba8f65f783e619824f59f2c9ee6e9,,60.007008,0,0,,,,,,,,,0,0,0,nan,nan,3595,3594,0,1114,536545
enlight_hard,942168c2126a2a91ae3ec1ededea59bc1af0cad55f94223edf4c03d20e831f66,100,200,560,200,time_limit,"; no feasible point had been found when the limit stopped the search, so none is reported (the objective is the worst representable value, not a solution)",inf,37.0,25.0,inf,inf,0,0,,51902,100,"gomory 46: 40 accepted, 6 duplicate; mir 70: 70 accepted; zero_half 228: 228 accepted",15.5,19.432265224025524,,60.067016,60.0005977,bcdfb6d,"unknown; Intel64 Family 6 Model 186 Stepping 3, GenuineIntel; 12 cores; unknown RAM; Windows-AMD64",2026-10-02T08:59:01+00:00,conflict_analysis=true conflict_cutoff=true,1,0,0,2,641ae95917822d738ee3b6d132cda4a0504950a52763da2340da40948e467146,,60.000598,0,0,,,,,,,,,0,0,0,nan,nan,3355,3354,0,753,562315
f2gap40400,f592e8d127e1f3c5d36d65b05ddcb88ad5bf34d23de7e22941fd050221314a74,40,400,800,400,optimal,,20772.0,20771.99999999983,20772.0,0.0,0.0,1,1,1,1,58,"gomory 34: 27 accepted, 7 too_dense; mir 31: 30 accepted, 1 duplicate",20650.89815396325,20772.0,1.0000,0.077728,0.0175401,bcdfb6d,"unknown; Intel64 Family 6 Model 186 Stepping 3, GenuineIntel; 12 cores; unknown RAM; Windows-AMD64",2026-10-02T08:59:01+00:00,conflict_analysis=true conflict_cutoff=true,1,0,0,0,,0.017899,0.017899,1,1,,,,,,,,,0,0,0,nan,nan,0,0,0,0,0
f2gap40400,f592e8d127e1f3c5d36d65b05ddcb88ad5bf34d23de7e22941fd050221314a74,40,400,800,400,optimal,,20772.0,20771.99999999983,20772.0,0.0,0.0,1,1,1,1,56,"gomory 34: 27 accepted, 7 too_dense; mir 31: 30 accepted, 1 duplicate",20650.89815396325,20772.000000000007,1.0000,0.089800,0.0241419,bcdfb6d,"unknown; Intel64 Family 6 Model 186 Stepping 3, GenuineIntel; 12 cores; unknown RAM; Windows-AMD64",2026-10-02T08:59:01+00:00,conflict_analysis=true conflict_cutoff=true,1,0,0,1,498397fa2fb8c0835c0366aaa283abc136dcefaa88d5d7999ffc061ca9b97b14,0.024580,0.024580,1,1,,,,,,,,,0,0,0,nan,nan,0,0,0,0,0
f2gap40400,f592e8d127e1f3c5d36d65b05ddcb88ad5bf34d23de7e22941fd050221314a74,40,400,800,400,optimal,,20772.0,20771.99999999983,20772.0,0.0,0.0,1,1,1,1,56,"gomory 34: 27 accepted, 7 too_dense; mir 31: 30 accepted, 1 duplicate",20650.89815396325,20772.0,1.0000,0.066642,0.0171243,bcdfb6d,"unknown; Intel64 Family 6 Model 186 Stepping 3, GenuineIntel; 12 cores; unknown RAM; Windows-AMD64",2026-10-02T08:59:01+00:00,conflict_analysis=true conflict_cutoff=true,1,0,0,2,8f6cfa4d3c14cdb163ef61a2241a67df6a6464cf647832bc16ff0cb92eefd494,0.017468,0.017468,1,1,,,,,,,,,0,0,0,nan,nan,0,0,0,0,0
flugpl,d0b817caf496c95336f64815a740d6a54db1e37924785fcfd3c5da3ee6a15640,18,18,46,11,optimal,,1201500.0,1201500.0,1201499.9999999998,2.3283064365386963e-10,1.9378330724416949e-16,1,1,1,707,23,"gomory 10: 9 accepted, 1 duplicate; mir 2: 2 duplicate",1167185.7255923203,1172307.0056809327,0.1492,0.200836,0.1446062,bcdfb6d,"unknown; Intel64 Family 6 Model 186 Stepping 3, GenuineIntel; 12 cores; unknown RAM; Windows-AMD64",2026-10-02T08:59:01+00:00,conflict_analysis=true conflict_cutoff=true,1,0,0,0,,0.100271,0.100271,2,1,,,,,,,,,0,0,0,nan,nan,251,251,55,60,1855
flugpl,d0b817caf496c95336f64815a740d6a54db1e37924785fcfd3c5da3ee6a15640,18,18,46,11,optimal,,1201500.0000000002,1201500.0,1201500.0,2.3283064365386963e-10,1.9378330724416944e-16,1,1,1,635,23,"gomory 10: 9 accepted, 1 duplicate; mir 2: 2 duplicate",1167185.7255923203,1172307.0056809324,0.1492,0.176905,0.1288808,bcdfb6d,"unknown; Intel64 Family 6 Model 186 Stepping 3, GenuineIntel; 12 cores; unknown RAM; Windows-AMD64",2026-10-02T08:59:01+00:00,conflict_analysis=true conflict_cutoff=true,1,0,0,1,cc14903e41792ed07d839de6c8a92283d95c96b8aa4264204fb35747619ce36d,0.111362,0.111362,2,1,,,,,,,,,0,0,0,nan,nan,212,212,30,36,1601
flugpl,d0b817caf496c95336f64815a740d6a54db1e37924785fcfd3c5da3ee6a15640,18,18,46,11,optimal,,1201500.0,1201500.0,1201500.0,0.0,0.0,1,1,1,659,23,"gomory 10: 9 accepted, 1 duplicate; mir 2: 2 duplicate",1167185.7255923203,1172307.0056809327,0.1492,0.178540,0.1437886,bcdfb6d,"unknown; Intel64 Family 6 Model 186 Stepping 3, GenuineIntel; 12 cores; unknown RAM; Windows-AMD64",2026-10-02T08:59:01+00:00,conflict_analysis=true conflict_cutoff=true,1,0,0,2,2b8bf0ef30f7c3684190959a06ce7ea03fdbb16a13fa532ced109415fa6d9de4,0.064557,0.064557,1,1,,,,,,,,,0,0,0,nan,nan,251,251,88,66,1503
gen-ip016,ba1599099bccf0cf78cbc7e4c181f03a3af877b1ba596dac67ad296c81220bee,24,28,672,28,feasible,"stopped at the time limit of 59.9997s after 60.01s, 0 iterations, 97176 nodes",-9442.163252832,-9476.155197,-9500.492391304839,58.32913847283817,0.006177518531608043,0,0,1,97176,6,gomory 19: 19 accepted,-9505.628172760296,-9505.51392924145,0.0018,60.068445,60.0081149,bcdfb6d,"unknown; Intel64 Family 6 Model 186 Stepping 3, GenuineIntel; 12 cores; unknown RAM; Windows-AMD64",2026-10-02T08:59:01+00:00,conflict_analysis=true conflict_cutoff=true,1,0,0,0,,0.105574,0.324345,9,1,,,,,,,,,0,0,0,nan,nan,5985,5985,2884,0,29
gen-ip016,ba1599099bccf0cf78cbc7e4c181f03a3af877b1ba596dac67ad296c81220bee,24,28,672,28,feasible,,-9442.163252831999,-9476.155197,-9500.543870844229,58.380618012230116,0.006182970623254152,0,0,1,92819,6,gomory 19: 19 accepted,-9505.628172760296,-9505.51392924145,0.0018,60.057250,60.0007374,bcdfb6d,"unknown; Intel64 Family 6 Model 186 Stepping 3, GenuineIntel; 12 cores; unknown RAM; Windows-AMD64",2026-10-02T08:59:01+00:00,conflict_analysis=true conflict_cutoff=true,1,0,0,1,3a945a2472ba1bc2b713c4a5a032b645253fe8802356e938c75ef271fd96bcd4,0.120025,0.338857,9,1,,,,,,,,,0,0,0,nan,nan,5685,5685,2741,0,29
gen-ip016,ba1599099bccf0cf78cbc7e4c181f03a3af877b1ba596dac67ad296c81220bee,24,28,672,28,feasible,"stopped at the time limit of 59.9998s after 60.01s, 0 iterations, 88593 nodes",-9442.163252831999,-9476.155197,-9500.591638697842,58.428385865843666,0.006188029617928833,0,0,1,88593,6,gomory 19: 19 accepted,-9505.628172760296,-9505.51392924145,0.0018,60.062236,60.008266,bcdfb6d,"unknown; Intel64 Family 6 Model 186 Stepping 3, GenuineIntel; 12 cores; unknown RAM; Windows-AMD64",2026-10-02T08:59:01+00:00,conflict_analysis=true conflict_cutoff=true,1,0,0,2,82f2bf58d7e3329ac5f518ebd760c157064b8cda1c14a3a1bf7a4a40937aa9df,0.116060,0.334846,9,1,,,,,,,,,0,0,0,nan,nan,5403,5403,2601,0,29
gen-ip054,b5089ebc97c43bd583fcadf30955b8800861044d632d747c0b7ac73f19b9e6f3,27,30,532,30,feasible,"stopped at the time limit of 59.9997s after 60.00s, 0 iterations, 68544 nodes",6859.0846354899995,6840.96564179,6786.695651042658,72.3889844473415,0.010553738333069888,0,0,1,68544,5,gomory 15: 15 accepted; mir 1: 1 accepted,6765.2090427101575,6766.95958412342,0.0186,60.057151,60.004136,bcdfb6d,"unknown; Intel64 Family 6 Model 186 Stepping 3, GenuineIntel; 12 cores; unknown RAM; Windows-AMD64",2026-10-02T08:59:01+00:00,conflict_analysis=true conflict_cutoff=true,1,0,0,0,,0.097200,0.311833,12,1,,,,,,,,,0,0,0,nan,nan,8207,8207,8206,13,38463
gen-ip054,b5089ebc97c43bd583fcadf30955b8800861044d632d747c0b7ac73f19b9e6f3,27,30,532,30,feasible,"stopped at the time limit of 59.9998s after 60.00s, 0 iterations, 71088 nodes",6859.08463549,6840.96564179,6786.881682254714,72.20295323528626,0.010526616461575156,0,0,1,71088,5,gomory 15: 15 accepted; mir 1: 1 accepted,6765.2090427101575,6766.959584123419,0.0186,60.066591,60.0055927,bcdfb6d,"unknown; Intel64 Family 6 Model 186 Stepping 3, GenuineIntel; 12 cores; unknown RAM; Windows-AMD64",2026-10-02T08:59:01+00:00,conflict_analysis=true conflict_cutoff=true,1,0,0,1,a05bfcfe90917083231ff695c360202d87ae41d730c8a4c810d346715f5392df,0.090025,0.303979,12,1,,,,,,,,,0,0,0,nan,nan,8568,8568,8567,13,41049
gen-ip054,b5089ebc97c43bd583fcadf30955b8800861044d632d747c0b7ac73f19b9e6f3,27,30,532,30,feasible,,6859.084635490001,6840.96564179,6786.703246725364,72.38138876463745,0.01055263094292853,0,0,1,68635,5,gomory 15: 15 accepted; mir 1: 1 accepted,6765.209042710156,6766.95958412342,0.0186,60.057047,60.0004955,bcdfb6d,"unknown; Intel64 Family 6 Model 186 Stepping 3, GenuineIntel; 12 cores; unknown RAM; Windows-AMD64",2026-10-02T08:59:01+00:00,conflict_analysis=true conflict_cutoff=true,1,0,0,2,57e5a595597df7087e3778fa046c2d5030030de75d7e67ade103dc909de22cf9,0.097981,0.312862,12,1,,,,,,,,,0,0,0,nan,nan,8219,8219,8218,13,38556
gr4x6,ecb539938284a6453b8b94f47dfdd88d635e47cfd2977365f7246bb62ed562c7,34,48,96,24,optimal,,202.35,202.3499999999979,202.35,0.0,0.0,1,1,1,1,38,gomory 5: 5 accepted; mir 5: 5 accepted,185.55,202.34999999999997,1.0000,0.040636,0.0043687,bcdfb6d,"unknown; Intel64 Family 6 Model 186 Stepping 3, GenuineIntel; 12 cores; unknown RAM; Windows-AMD64",2026-10-02T08:59:01+00:00,conflict_analysis=true conflict_cutoff=true,1,0,0,0,,0.004544,0.004544,1,1,,,,,,,,,0,0,0,nan,nan,0,0,0,0,0
gr4x6,ecb539938284a6453b8b94f47dfdd88d635e47cfd2977365f7246bb62ed562c7,34,48,96,24,optimal,,202.35,202.3499999999979,202.35,0.0,0.0,1,1,1,1,38,"gomory 5: 5 accepted; mir 5: 4 accepted, 1 duplicate",185.55,202.34999999999994,1.0000,0.046319,0.0070772,bcdfb6d,"unknown; Intel64 Family 6 Model 186 Stepping 3, GenuineIntel; 12 cores; unknown RAM; Windows-AMD64",2026-10-02T08:59:01+00:00,conflict_analysis=true conflict_cutoff=true,1,0,0,1,31f85aba0a765cc48b64c2b574fee16379d0c75ffcd45861652cccd3a4a251b5,0.007285,0.007285,1,1,,,,,,,,,0,0,0,nan,nan,0,0,0,0,0
gr4x6,ecb539938284a6453b8b94f47dfdd88d635e47cfd2977365f7246bb62ed562c7,34,48,96,24,optimal,,202.34999999999997,202.3499999999979,202.34999999999997,0.0,0.0,1,1,1,1,33,gomory 5: 5 accepted; mir 5: 5 accepted,185.54999999999998,202.34999999999997,1.0000,0.048473,0.0056987,bcdfb6d,"unknown; Intel64 Family 6 Model 186 Stepping 3, GenuineIntel; 12 cores; unknown RAM; Windows-AMD64",2026-10-02T08:59:01+00:00,conflict_analysis=true conflict_cutoff=true,1,0,0,2,f0f0ff6e166c8b5a597b824f8c823d121f494a72057103489ea7d3388545a970,0.005910,0.005910,1,1,,,,,,,,,0,0,0,nan,nan,0,0,0,0,0
gt2,67e1ac3d5504e6b033cecd78b66091e3b64952a90147613d7c87e9652422a005,29,188,376,188,optimal,"optimal within the relative gap target (1.000e+00 absolute, 4.725e-05 relative) after 8 nodes; the bound is the best open node's, the tree was not exhausted",21166.0,21165.99999999978,21165.0,1.0,4.72455825380327e-05,1,1,1,8,87,"gomory 11: 11 accepted; mir 11: 4 accepted, 7 duplicate; zero_half 2: 2 accepted",13460.233074411899,21164.179537527154,0.9998,0.173901,0.1353657,bcdfb6d,"unknown; Intel64 Family 6 Model 186 Stepping 3, GenuineIntel; 12 cores; unknown RAM; Windows-AMD64",2026-10-02T08:59:01+00:00,conflict_analysis=true conflict_cutoff=true,1,0,0,0,,0.126732,0.126732,1,1,,,,,,,,,0,0,0,nan,nan,0,0,0,0,0
gt2,67e1ac3d5504e6b033cecd78b66091e3b64952a90147613d7c87e9652422a005,29,188,376,188,optimal,,21166.0,21165.99999999978,21166.0,0.0,0.0,1,1,1,63,100,"gomory 11: 11 accepted; mir 11: 3 accepted, 8 duplicate; zero_half 2: 2 accepted",13460.233074411897,21157.594704006944,0.9989,0.422047,0.3820764,bcdfb6d,"unknown; Intel64 Family 6 Model 186 Stepping 3, GenuineIntel; 12 cores; unknown RAM; Windows-AMD64",2026-10-02T08:59:01+00:00,conflict_analysis=true conflict_cutoff=true,1,0,0,1,e2391ce9082b80ae47bd611a2ea1778c3b75bca87b47d34be852ba62193d0430,0.122699,0.136239,2,1,,,,,,,,,0,0,0,nan,nan,6,6,6,0,100
gt2,67e1ac3d5504e6b033cecd78b66091e3b64952a90147613d7c87e9652422a005,29,188,376,188,optimal,"optimal within the relative gap target (1.000e+00 absolute, 4.725e-05 relative) after 3 nodes; the bound is the best open node's, the tree was not exhausted",21166.0,21165.99999999978,21165.0,1.0,4.72455825380327e-05,1,1,1,3,95,"gomory 11: 11 accepted; mir 11: 3 accepted, 8 duplicate; zero_half 2: 2 accepted",13460.2330744119,21164.17953752713,0.9998,0.135118,0.0948679,bcdfb6d,"unknown; Intel64 Family 6 Model 186 Stepping 3, GenuineIntel; 12 cores; unknown RAM; Windows-AMD64",2026-10-02T08:59:01+00:00,conflict_analysis=true conflict_cutoff=true,1,0,0,2,6ec633230d423ad8a435c09d5e7cd4010b161cacc7a0ff9c3091cf9e05c97013,0.081834,0.081834,1,1,,,,,,,,,0,0,0,nan,nan,0,0,0,0,0
k16x240b,9419777aed4f6f709363418843c01d447253f8545ab886dda1834c98f82bed71,256,480,960,240,feasible,"stopped at the time limit of 59.9994s after 60.00s, 0 iterations, 11222 nodes",12825.0,11392.99999884458,8190.0623017791495,4634.9376982208505,0.3613986509333996,0,0,1,11222,256,"gomory 15: 13 accepted, 2 too_dense; mir 15: 11 accepted, 4 too_dense",3320.771,7211.9119811345345,0.4094,60.040037,60.0002705,bcdfb6d,"unknown; Intel64 Family 6 Model 186 Stepping 3, GenuineIntel; 12 cores; unknown RAM; Windows-AMD64",2026-10-02T08:59:01+00:00,conflict_analysis=true conflict_cutoff=true,1,0,0,0,,2.046821,11.117931,9,1,,,,,,,,,0,0,0,nan,nan,1082,1067,1067,0,13
k16x240b,9419777aed4f6f709363418843c01d447253f8545ab886dda1834c98f82bed71,256,480,960,240,feasible,,13097.0,11392.99999884458,7868.116956483276,5228.883043516724,0.399242807018151,0,0,1,10980,256,"gomory 15: 13 accepted, 2 too_dense; mir 14: 11 accepted, 3 duplicate",3320.771,6961.1428738855875,0.3724,60.058175,59.9996882,bcdfb6d,"unknown; Intel64 Family 6 Model 186 Stepping 3, GenuineIntel; 12 cores; unknown RAM; Windows-AMD64",2026-10-02T08:59:01+00:00,conflict_analysis=true conflict_cutoff=true,1,0,0,1,03052afe31674bc03dcabbbbe955323252a759de453765d72b63e2a303253591,2.324684,12.236196,13,1,,,,,,,,,0,0,0,nan,nan,927,667,667,0,17
k16x240b,9419777aed4f6f709363418843c01d447253f8545ab886dda1834c98f82bed71,256,480,960,240,feasible,,12849.0,11392.99999884458,8048.962110478666,4800.037889521334,0.37357287645118953,0,0,1,10382,256,"gomory 15: 13 accepted, 2 too_dense; mir 15: 11 accepted, 4 duplicate",3320.771,7420.091543463102,0.4302,60.047676,59.9999111,bcdfb6d,"unknown; Intel64 Family 6 Model 186 Stepping 3, GenuineIntel; 12 cores; unknown RAM; Windows-AMD64",2026-10-02T08:59:01+00:00,conflict_analysis=true conflict_cutoff=true,1,0,0,2,f2e7c4a3b1a03955e0959fa318e89288e2793c13842c000a3d3bdc948ad092c6,2.281947,10.042811,8,1,,,,,,,,,0,0,0,nan,nan,1003,938,938,0,14
markshare1,83516aa1a1d503f01fcea273586406486623370158a119164bd2ffa3594d4752,6,62,312,50,feasible,"stopped at the time limit of 59.9998s after 60.00s, 0 iterations, 51936 nodes",60.99999999999968,0.9999999999990905,0.0,60.99999999999968,1.0,0,0,1,51936,48,gomory 6: 6 accepted; mir 10: 10 accepted,0.0,0.0,0.0000,60.056233,60.0051758,bcdfb6d,"unknown; Intel64 Family 6 Model 186 Stepping 3, GenuineIntel; 12 cores; unknown RAM; Windows-AMD64",2026-10-02T08:59:01+00:00,conflict_analysis=true conflict_cutoff=true,1,0,0,0,,0.124869,59.103491,11,1,,,,,,,,,0,0,0,nan,nan,5782,5782,5781,0,2209
markshare1,83516aa1a1d503f01fcea273586406486623370158a119164bd2ffa3594d4752,6,62,312,50,feasible,"stopped at the time limit of 59.9998s after 60.00s, 0 iterations, 48252 nodes",53.00000000000061,0.9999999999990905,0.0,53.00000000000061,1.0,0,0,1,48252,54,gomory 6: 6 accepted; mir 12: 12 accepted,0.0,0.0,0.0000,60.066551,60.0045331,bcdfb6d,"unknown; Intel64 Family 6 Model 186 Stepping 3, GenuineIntel; 12 cores; unknown RAM; Windows-AMD64",2026-10-02T08:59:01+00:00,conflict_analysis=true conflict_cutoff=true,1,0,0,1,a2254a348e721b030e918609a88168cae7acaeec282f0fae661cdc8eb74e072a,0.133115,58.933389,7,1,,,,,,,,,0,0,0,nan,nan,5389,5389,5388,0,2377
markshare1,83516aa1a1d503f01fcea273586406486623370158a119164bd2ffa3594d4752,6,62,312,50,feasible,,62.00000000000001,0.9999999999990905,0.0,62.00000000000001,1.0,0,0,1,26981,51,gomory 6: 6 accepted; mir 12: 12 accepted,0.0,0.0,0.0000,60.108869,60.0004282,bcdfb6d,"unknown; Intel64 Family 6 Model 186 Stepping 3, GenuineIntel; 12 cores; unknown RAM; Windows-AMD64",2026-10-02T08:59:01+00:00,conflict_analysis=true conflict_cutoff=true,1,0,0,2,c2c359701ee9d7f083967ab520fe00cc454fcbb49ffa68c1db86318a6f3ee3f8,0.360449,59.126476,8,1,,,,,,,,,0,0,0,nan,nan,2838,2838,2838,0,957
markshare_4_0,1a1feb04f5637db9f69be53bd6224fcd9fe5b8d750870d9b2002b535d25f4353,4,34,123,30,feasible,"stopped at the time limit of 59.9996s after 60.00s, 0 iterations, 22587 nodes",15.99999999999988,1.0,0.0,15.99999999999988,1.0,0,0,1,22587,37,gomory 4: 4 accepted; mir 8: 8 accepted,0.0,0.0,0.0000,60.100613,60.0044765,bcdfb6d,"unknown; Intel64 Family 6 Model 186 Stepping 3, GenuineIntel; 12 cores; unknown RAM; Windows-AMD64",2026-10-02T08:59:01+00:00,conflict_analysis=true conflict_cutoff=true,1,0,0,0,,0.015286,56.806338,8,1,,,,,,,,,0,0,0,nan,nan,4666,4666,4657,8,5624
markshare_4_0,1a1feb04f5637db9f69be53bd6224fcd9fe5b8d750870d9b2002b535d25f4353,4,34,123,30,feasible,"stopped at the time limit of 59.9998s after 60.00s, 0 iterations, 25330 nodes",10.999999999999874,1.0,0.0,10.999999999999874,1.0,0,0,1,25330,36,gomory 4: 4 accepted; mir 8: 8 accepted,0.0,0.0,0.0000,60.057086,60.002538,bcdfb6d,"unknown; Intel64 Family 6 Model 186 Stepping 3, GenuineIntel; 12 cores; unknown RAM; Windows-AMD64",2026-10-02T08:59:01+00:00,conflict_analysis=true conflict_cutoff=true,1,0,0,1,59577af2b3d0e7b91707a5334d210b6def439f853f238602de4a9dc37659eece,0.009939,55.012970,7,1,,,,,,,,,0,0,0,nan,nan,5632,5632,5614,42,7875
markshare_4_0,1a1feb04f5637db9f69be53bd6224fcd9fe5b8d750870d9b2002b535d25f4353,4,34,123,30,feasible,"stopped at the time limit of 59.9998s after 60.00s, 0 iterations, 50743 nodes",18.000000000000163,1.0,0.0,18.000000000000163,1.0,0,0,1,50743,38,gomory 4: 4 accepted; mir 8: 8 accepted,0.0,0.0,0.0000,60.057051,60.0032783,bcdfb6d,"unknown; Intel64 Family 6 Model 186 Stepping 3, GenuineIntel; 12 cores; unknown RAM; Windows-AMD64",2026-10-02T08:59:01+00:00,conflict_analysis=true conflict_cutoff=true,1,0,0,2,98e94db9a95670fe0a7edc81a890a47a41fe6cf52a873a1ee28e5fcf43f326dc,0.035122,56.740425,10,1,,,,,,,,,0,0,0,nan,nan,11451,11451,11412,32,18642
markshare_5_0,5309e16f917ec25e9f70402a8c039d4595a91c9499f682b1483babfff5f55b4a,5,45,203,40,feasible,"stopped at the time limit of 59.9999s after 60.00s, 0 iterations, 61799 nodes",26.00000000000016,1.0,0.0,26.00000000000016,1.0,0,0,1,61799,43,gomory 5: 5 accepted; mir 10: 10 accepted,0.0,0.0,0.0000,60.044575,60.0011257,bcdfb6d,"unknown; Intel64 Family 6 Model 186 Stepping 3, GenuineIntel; 12 cores; unknown RAM; Windows-AMD64",2026-10-02T08:59:01+00:00,conflict_analysis=true conflict_cutoff=true,1,0,0,0,,0.010655,58.131325,8,1,,,,,,,,,0,0,0,nan,nan,9724,9724,9715,3,8590
markshare_5_0,5309e16f917ec25e9f70402a8c039d4595a91c9499f682b1483babfff5f55b4a,5,45,203,40,feasible,"stopped at the time limit of 59.9998s after 60.01s, 0 iterations, 57979 nodes",24.0,1.0,0.0,24.0,1.0,0,0,1,57979,43,gomory 5: 5 accepted; mir 10: 10 accepted,0.0,0.0,0.0000,60.057649,60.0076333,bcdfb6d,"unknown; Intel64 Family 6 Model 186 Stepping 3, GenuineIntel; 12 cores; unknown RAM; Windows-AMD64",2026-10-02T08:59:01+00:00,conflict_analysis=true conflict_cutoff=true,1,0,0,1,7c981b564d671bb9323500fcca05a0ec79c31c547ee676b2d5f1aaf0467ee5da,0.050133,57.806611,10,1,,,,,,,,,0,0,0,nan,nan,9046,9046,9044,0,5506
markshare_5_0,5309e16f917ec25e9f70402a8c039d4595a91c9499f682b1483babfff5f55b4a,5,45,203,40,feasible,"stopped at the time limit of 59.9999s after 60.00s, 0 iterations, 59978 nodes",33.0,1.0,0.0,33.0,1.0,0,0,1,59978,45,gomory 5: 5 accepted; mir 10: 10 accepted,0.0,0.0,0.0000,60.040281,60.000301,bcdfb6d,"unknown; Intel64 Family 6 Model 186 Stepping 3, GenuineIntel; 12 cores; unknown RAM; Windows-AMD64",2026-10-02T08:59:01+00:00,conflict_analysis=true conflict_cutoff=true,1,0,0,2,1ed4cab601207bf845c1e28db62793a7638233749575ecf1fb85ecd8a1298fe0,0.052837,58.367995,11,1,,,,,,,,,0,0,0,nan,nan,9161,9161,9157,6,6142
neos-1425699,66f7ae93f5715a025ebc2d2ff9b90abdd62b7bd1edefc48307ec38c19d9e722e,89,105,430,85,optimal,,3179698977.0,3179698976.996124,3179698977.0,0.0,0.0,1,1,1,1,1,"gomory 2: 1 accepted, 1 duplicate",3175561447.5053167,3179698977.0,1.0000,0.031772,0.0018091,bcdfb6d,"unknown; Intel64 Family 6 Model 186 Stepping 3, GenuineIntel; 12 cores; unknown RAM; Windows-AMD64",2026-10-02T08:59:01+00:00,conflict_analysis=true conflict_cutoff=true,1,0,0,0,,0.002010,0.002010,1,1,,,,,,,,,0,0,0,nan,nan,0,0,0,0,0
neos-1425699,66f7ae93f5715a025ebc2d2ff9b90abdd62b7bd1edefc48307ec38c19d9e722e,89,105,430,85,optimal,,3179698977.0,3179698976.996124,3179698977.0,0.0,0.0,1,1,1,1,1,"gomory 2: 1 accepted, 1 duplicate",3175561447.5053167,3179698977.0,1.0000,0.027035,0.001643,bcdfb6d,"unknown; Intel64 Family 6 Model 186 Stepping 3, GenuineIntel; 12 cores; unknown RAM; Windows-AMD64",2026-10-02T08:59:01+00:00,conflict_analysis=true conflict_cutoff=true,1,0,0,1,71852d76efa6459e4c98dc0d497510a4e9847cd3563b6fae8c3e2dac494cb381,0.001846,0.001846,1,1,,,,,,,,,0,0,0,nan,nan,0,0,0,0,0
neos-1425699,66f7ae93f5715a025ebc2d2ff9b90abdd62b7bd1edefc48307ec38c19d9e722e,89,105,430,85,optimal,,3179698977.0,3179698976.996124,3179698977.0,0.0,0.0,1,1,1,1,1,"gomory 2: 1 accepted, 1 duplicate",3175561447.5053167,3179698977.0,1.0000,0.039673,0.0017002,bcdfb6d,"unknown; Intel64 Family 6 Model 186 Stepping 3, GenuineIntel; 12 cores; unknown RAM; Windows-AMD64",2026-10-02T08:59:01+00:00,conflict_analysis=true conflict_cutoff=true,1,0,0,2,5c9a31ce93eeca02744c5db4ed8582351cab734ab806580ff2ebe9a292a7d7cd,0.001915,0.001915,1,1,,,,,,,,,0,0,0,nan,nan,0,0,0,0,0
neos-3072252-nete,91c4f0c863a0597d78ae6ad67a22d711f522319eb4365f7d4b9ec6b3102c01d2,432,576,1292,144,feasible,,11941464.0,11807698.0,11507744.746339958,433719.25366004184,0.03632044225565993,0,0,1,10174,433,gomory 143: 143 accepted; mir 68: 68 accepted,10593526.0,11494666.665542427,0.6685,60.038941,60.0001879,bcdfb6d,"unknown; Intel64 Family 6 Model 186 Stepping 3, GenuineIntel; 12 cores; unknown RAM; Windows-AMD64",2026-10-02T08:59:01+00:00,conflict_analysis=true conflict_cutoff=true,1,0,0,0,,1.839227,2.742223,7,1,,,,,,,,,0,0,0,nan,nan,1799,1799,1799,0,2092
neos-3072252-nete,91c4f0c863a0597d78ae6ad67a22d711f522319eb4365f7d4b9ec6b3102c01d2,432,576,1292,144,feasible,,11967982.0,11807698.0,11523994.483649932,443987.51635006815,0.03709794319126384,0,0,1,9693,433,gomory 143: 143 accepted; mir 68: 68 accepted,10593526.0,11510405.132263811,0.6671,60.035434,60.0005686,bcdfb6d,"unknown; Intel64 Family 6 Model 186 Stepping 3, GenuineIntel; 12 cores; unknown RAM; Windows-AMD64",2026-10-02T08:59:01+00:00,conflict_analysis=true conflict_cutoff=true,1,0,0,1,b2efa14cb1ae520d6c992e264b56b8e4b755a81d4c2d62e0f329956336305801,1.857968,2.636656,1,1,,,,,,,,,0,0,0,nan,nan,1316,1316,1316,0,372
neos-3072252-nete,91c4f0c863a0597d78ae6ad67a22d711f522319eb4365f7d4b9ec6b3102c01d2,432,576,1292,144,feasible,,12164062.0,11807698.0,11546366.757053219,617695.2429467812,0.05078034319019265,0,0,1,5250,433,gomory 143: 143 accepted; mir 68: 68 accepted,10593526.0,11529168.173732009,0.5957,60.037932,59.9998394,bcdfb6d,"unknown; Intel64 Family 6 Model 186 Stepping 3, GenuineIntel; 12 cores; unknown RAM; Windows-AMD64",2026-10-02T08:59:01+00:00,conflict_analysis=true conflict_cutoff=true,1,0,0,2,fc924bf04291c9b42e96f5fca3d0c38f39107722b30eb8d6e0a927591f397c77,1.826187,3.590570,4,1,,,,,,,,,0,0,0,nan,nan,717,717,717,0,36
neos-3611689-kaihu,60004f4ee9cef8f8e7e9d811d5de63e75e6e96b577a54c923ef1971b89a87039,323,421,1014,88,optimal,,119.0,119.0,119.0,0.0,0.0,1,1,1,380,317,"gomory 27: 27 accepted; mir 112: 70 accepted, 42 duplicate",100.87874999999998,116.11903014533314,0.8410,5.103019,5.0667362,bcdfb6d,"unknown; Intel64 Family 6 Model 186 Stepping 3, GenuineIntel; 12 cores; unknown RAM; Windows-AMD64",2026-10-02T08:59:01+00:00,conflict_analysis=true conflict_cutoff=true,1,0,0,0,,1.309774,1.372984,4,1,,,,,,,,,0,0,0,nan,nan,113,42,39,1,33
neos-3611689-kaihu,60004f4ee9cef8f8e7e9d811d5de63e75e6e96b577a54c923ef1971b89a87039,323,421,1014,88,optimal,,119.0,119.0,119.0,0.0,0.0,1,1,1,1332,322,"gomory 21: 21 accepted; mir 100: 64 accepted, 36 duplicate",100.87875,116.09142388409737,0.8395,9.138144,9.1065635,bcdfb6d,"unknown; Intel64 Family 6 Model 186 Stepping 3, GenuineIntel; 12 cores; unknown RAM; Windows-AMD64",2026-10-02T08:59:01+00:00,conflict_analysis=true conflict_cutoff=true,1,0,0,1,ac66b2e986485d4f12dcfc64b44d3fb804465c3aa49417ff00b820578428742c,1.523012,1.706126,5,1,,,,,,,,,0,0,0,nan,nan,453,177,168,3,542
neos-3611689-kaihu,60004f4ee9cef8f8e7e9d811d5de63e75e6e96b577a54c923ef1971b89a87039,323,421,1014,88,optimal,,119.0,119.0,119.0,0.0,0.0,1,1,1,663,322,"gomory 21: 21 accepted; mir 98: 62 accepted, 36 duplicate",100.87874999999998,116.09623837937983,0.8398,6.754635,6.7238488,bcdfb6d,"unknown; Intel64 Family 6 Model 186 Stepping 3, GenuineIntel; 12 cores; unknown RAM; Windows-AMD64",2026-10-02T08:59:01+00:00,conflict_analysis=true conflict_cutoff=true,1,0,0,2,9fc6c8d58bb8ec767c1ad7690648634338c8e9ac4ff839cbaeb924fd7865bdc8,1.396246,1.480975,4,1,,,,,,,,,0,0,0,nan,nan,227,92,88,2,196
neos-5140963-mincio,cf5cafaab453d0d450f7e654dfc85e0492a1a20d9229c0371158a6cc88b1de4b,184,196,834,183,feasible,,14953.0,14393.0,11419.0,3534.0,0.2363405336721728,0,0,1,82071,55,"gomory 26: 8 accepted, 18 duplicate; mir 26: 22 accepted, 4 duplicate",8877.000000000004,9962.0,0.1786,60.040420,60.0004376,bcdfb6d,"unknown; Intel64 Family 6 Model 186 Stepping 3, GenuineIntel; 12 cores; unknown RAM; Windows-AMD64",2026-10-02T08:59:01+00:00,conflict_analysis=true conflict_cutoff=true,1,0,0,0,,1.542064,5.223083,12,1,,,,,,,,,0,0,0,nan,nan,14592,1610,1248,0,399848
neos-5140963-mincio,cf5cafaab453d0d450f7e654dfc85e0492a1a20d9229c0371158a6cc88b1de4b,184,196,834,183,feasible,,14545.0,14393.0,11251.0,3294.0,0.2264695771742867,0,0,1,81094,60,"gomory 26: 7 accepted, 19 duplicate; mir 26: 22 accepted, 4 duplicate",8877.000000000002,9962.0,0.1914,60.037858,60.0005944,bcdfb6d,"unknown; Intel64 Family 6 Model 186 Stepping 3, GenuineIntel; 12 cores; unknown RAM; Windows-AMD64",2026-10-02T08:59:01+00:00,conflict_analysis=true conflict_cutoff=true,1,0,0,1,5de96c9409eaaadd65c5d92c0853c47746d1fd9ed6c471354ff58f6a3664b27a,1.710754,3.627065,12,1,,,,,,,,,0,0,0,nan,nan,14734,989,653,16,330422
neos-5140963-mincio,cf5cafaab453d0d450f7e654dfc85e0492a1a20d9229c0371158a6cc88b1de4b,184,196,834,183,feasible,,14436.0,14393.0,11426.0,3010.0,0.2085065114990302,0,0,1,78034,66,"gomory 26: 8 accepted, 18 duplicate; mir 26: 22 accepted, 4 duplicate",8877.000000000002,9966.44642857143,0.1960,60.051070,60.0007639,bcdfb6d,"unknown; Intel64 Family 6 Model 186 Stepping 3, GenuineIntel; 12 cores; unknown RAM; Windows-AMD64",2026-10-02T08:59:01+00:00,conflict_analysis=true conflict_cutoff=true,1,0,0,2,b11cd8b328d7fb3aee3a874c873503b59c71bcd21ff83f812468a7dfb1b49a75,1.556530,4.847568,12,1,,,,,,,,,0,0,0,nan,nan,13557,883,590,1,349462
neos-5192052-neckar,a683554818c078fca80fe21c0f452463d5d6a051f6898d9da641d5d9f9575906,57,180,545,24,optimal,,-11670000.000000002,-11670000.0,-11670000.000000002,0.0,0.0,1,1,1,5,8,gomory 2: 2 accepted; mir 1: 1 accepted,-11980000.0,-11976000.0,0.0129,0.037307,0.0055145,bcdfb6d,"unknown; Intel64 Family 6 Model 186 Stepping 3, GenuineIntel; 12 cores; unknown RAM; Windows-AMD64",2026-10-02T08:59:01+00:00,conflict_analysis=true conflict_cutoff=true,1,0,0,0,,0.003765,0.004117,2,1,,,,,,,,,0,0,0,nan,nan,2,2,2,0,0
neos-5192052-neckar,a683554818c078fca80fe21c0f452463d5d6a051f6898d9da641d5d9f9575906,57,180,545,24,optimal,,-11670000.0,-11670000.0,-11670000.0,0.0,0.0,1,1,1,5,8,gomory 2: 2 accepted; mir 1: 1 accepted,-11980000.0,-11976000.0,0.0129,0.041615,0.0055677,bcdfb6d,"unknown; Intel64 Family 6 Model 186 Stepping 3, GenuineIntel; 12 cores; unknown RAM; Windows-AMD64",2026-10-02T08:59:01+00:00,conflict_analysis=true conflict_cutoff=true,1,0,0,1,7d403d6a9b8954c2d6f1affea3317d860b799f22bd06c9bd977b39f8b3c0d0f8,0.003769,0.004118,2,1,,,,,,,,,0,0,0,nan,nan,2,2,2,0,0
neos-5192052-neckar,a683554818c078fca80fe21c0f452463d5d6a051f6898d9da641d5d9f9575906,57,180,545,24,optimal,,-11670000.000000004,-11670000.0,-11670000.000000004,0.0,0.0,1,1,1,7,7,gomory 3: 3 accepted; mir 3: 3 accepted,-11980000.0,-11970000.0,0.0323,0.030983,0.0071811,bcdfb6d,"unknown; Intel64 Family 6 Model 186 Stepping 3, GenuineIntel; 12 cores; unknown RAM; Windows-AMD64",2026-10-02T08:59:01+00:00,conflict_analysis=true conflict_cutoff=true,1,0,0,2,9a015f830b73582d327ed9404881b1e98cb6a587ca57554180b49b0adb570205,0.004172,0.004757,3,1,,,,,,,,,0,0,0,nan,nan,2,2,2,0,0
neos5,2888e9aeb10a4cf16d3b9ad221302fd3de815ce1454b31e660ebd060589c1072,63,63,2016,53,feasible,"stopped at the time limit of 59.9997s after 60.00s, 0 iterations, 39753 nodes",14.999999999999998,15.0,14.0,0.9999999999999982,0.06666666666666655,1,0,1,39753,21,gomory 29: 29 accepted; zero_half 1: 1 accepted,13.0,13.435707646485367,0.2179,60.038885,60.0025027,bcdfb6d,"unknown; Intel64 Family 6 Model 186 Stepping 3, GenuineIntel; 12 cores; unknown RAM; Windows-AMD64",2026-10-02T08:59:01+00:00,conflict_analysis=true conflict_cutoff=true,1,0,0,0,,0.238287,1.868124,4,1,,,,,,,,,0,0,0,nan,nan,6070,6070,6070,27,104784
neos5,2888e9aeb10a4cf16d3b9ad221302fd3de815ce1454b31e660ebd060589c1072,63,63,2016,53,feasible,,15.000000000000004,15.0,14.000000000000002,1.0000000000000018,0.06666666666666676,1,0,1,44378,22,gomory 28: 28 accepted; zero_half 1: 1 accepted,13.0,13.441782457104274,0.2209,60.035476,60.0001621,bcdfb6d,"unknown; Intel64 Family 6 Model 186 Stepping 3, GenuineIntel; 12 cores; unknown RAM; Windows-AMD64",2026-10-02T08:59:01+00:00,conflict_analysis=true conflict_cutoff=true,1,0,0,1,e4eb97b5c4b908d8932f28be86f422bca9483c6c097b107d1d5f7d1ee6cde1f4,0.216329,2.756019,5,1,,,,,,,,,0,0,0,nan,nan,6360,6360,6360,8,77335
neos5,2888e9aeb10a4cf16d3b9ad221302fd3de815ce1454b31e660ebd060589c1072,63,63,2016,53,feasible,"stopped at the time limit of 59.9997s after 60.00s, 0 iterations, 41000 nodes",14.999999999999996,15.0,14.0,0.9999999999999964,0.06666666666666644,1,0,1,41000,17,gomory 25: 25 accepted; zero_half 1: 1 accepted,13.0,13.453244302489598,0.2266,60.056058,60.0028303,bcdfb6d,"unknown; Intel64 Family 6 Model 186 Stepping 3, GenuineIntel; 12 cores; unknown RAM; Windows-AMD64",2026-10-02T08:59:01+00:00,conflict_analysis=true conflict_cutoff=true,1,0,0,2,99af9b7fbeef0c2d325724953b967b61cb5f7bb450c0a2d7d04d1f8ef480cf86,0.217863,1.780937,4,1,,,,,,,,,0,0,0,nan,nan,6652,6652,6652,16,184038
noswot,f4ac4805801d06bd12e7f67204101928413f7df27fa347bfca1c918e29bca86b,182,128,735,100,feasible,"stopped at the time limit of 59.9997s after 60.00s, 0 iterations, 82967 nodes",-40.0,-41.00000885,-43.0,3.0,0.075,0,0,1,82967,44,"gomory 19: 19 accepted; mir 26: 14 accepted, 12 duplicate",-43.00000000000001,-43.0,0.0000,60.053321,60.000968,bcdfb6d,"unknown; Intel64 Family 6 Model 186 Stepping 3, GenuineIntel; 12 cores; unknown RAM; Windows-AMD64",2026-10-02T08:59:01+00:00,conflict_analysis=true conflict_cutoff=true,1,0,0,0,,0.654715,2.349140,4,1,,,,,,,,,0,0,0,nan,nan,12760,5131,4263,524,939982
noswot,f4ac4805801d06bd12e7f67204101928413f7df27fa347bfca1c918e29bca86b,182,128,735,100,feasible,,-40.0,-41.00000885,-43.0,3.0,0.075,0,0,1,65468,80,"gomory 23: 23 accepted; mir 19: 9 accepted, 10 duplicate",-43.00000000000001,-43.00000000000001,0.0000,60.051612,60.0005008,bcdfb6d,"unknown; Intel64 Family 6 Model 186 Stepping 3, GenuineIntel; 12 cores; unknown RAM; Windows-AMD64",2026-10-02T08:59:01+00:00,conflict_analysis=true conflict_cutoff=true,1,0,0,1,a52f77df72c9f8955fc679430de4fea06244d069308a319512180cf5a0a9b5fd,0.688986,3.336446,7,1,,,,,,,,,0,0,0,nan,nan,10843,4943,4522,245,657671
noswot,f4ac4805801d06bd12e7f67204101928413f7df27fa347bfca1c918e29bca86b,182,128,735,100,feasible,,-39.0,-41.00000885,-43.0,4.0,0.10256410256410256,0,0,1,63489,89,"gomory 31: 31 accepted; mir 29: 16 accepted, 13 duplicate",-43.0,-43.0,0.0000,60.052289,60.0003815,bcdfb6d,"unknown; Intel64 Family 6 Model 186 Stepping 3, GenuineIntel; 12 cores; unknown RAM; Windows-AMD64",2026-10-02T08:59:01+00:00,conflict_analysis=true conflict_cutoff=true,1,0,0,2,e96832c1148c1f5241ce1419d468b1d5d34864cd679f500afc07276cbcb2d26b,0.715364,4.546821,7,1,,,,,,,,,0,0,0,nan,nan,9033,4438,4085,192,595915
opt1217,21f16d1bd1d917a2b17af6b7b40f6899d75ae4dbf0621f14da71ed2471280124,64,769,1542,768,feasible,,-15.999999999999996,-16.00000000000012,-19.0,3.0000000000000036,0.18750000000000028,1,0,1,163068,1,"gomory 18: 2 accepted, 16 too_dense",-20.02139037433155,-19.934426229508194,0.0216,60.081898,60.0012373,bcdfb6d,"unknown; Intel64 Family 6 Model 186 Stepping 3, GenuineIntel; 12 cores; unknown RAM; Windows-AMD64",2026-10-02T08:59:01+00:00,conflict_analysis=true conflict_cutoff=true,1,0,0,0,,0.292562,3.683819,4,1,,,,,,,,,0,0,0,nan,nan,4889,0,0,0,0
opt1217,21f16d1bd1d917a2b17af6b7b40f6899d75ae4dbf0621f14da71ed2471280124,64,769,1542,768,feasible,,-16.0,-16.00000000000012,-19.0,3.0,0.1875,1,0,1,150106,1,"gomory 26: 2 accepted, 24 too_dense",-20.02139037433155,-19.934426229508194,0.0216,60.078808,60.0017011,bcdfb6d,"unknown; Intel64 Family 6 Model 186 Stepping 3, GenuineIntel; 12 cores; unknown RAM; Windows-AMD64",2026-10-02T08:59:01+00:00,conflict_analysis=true conflict_cutoff=true,1,0,0,1,03e47236d91272894931bb4bafcd3ab9d2c74aee791d7a52431efed8cb2fe73e,0.302185,1.214121,5,1,,,,,,,,,0,0,0,nan,nan,4943,0,0,0,0
opt1217,21f16d1bd1d917a2b17af6b7b40f6899d75ae4dbf0621f14da71ed2471280124,64,769,1542,768,feasible,,-16.0,-16.00000000000012,-19.0,3.0,0.1875,1,0,1,108514,1,"gomory 24: 2 accepted, 22 too_dense",-20.02139037433155,-19.934426229508194,0.0216,60.092544,60.001615,bcdfb6d,"unknown; Intel64 Family 6 Model 186 Stepping 3, GenuineIntel; 12 cores; unknown RAM; Windows-AMD64",2026-10-02T08:59:01+00:00,conflict_analysis=true conflict_cutoff=true,1,0,0,2,bba45f4ef67d08e8f5bb57d9009efb3e9c1b7fdad9abc3f30a3e0df3b82c7d34,0.266362,1.022858,5,1,,,,,,,,,0,0,0,nan,nan,3535,1,1,0,0
p0201,2ecd7f035c546453ffd5e4fe12cf41c111be192411c4cb7e268b3c8ba81e5335,133,201,1923,201,optimal,,7614.999999999998,7614.999999999997,7614.999999999998,0.0,0.0,1,1,1,317,37,"gomory 20: 16 accepted, 4 duplicate; mir 10: 10 accepted; zero_half 73: 73 accepted",6875.000000000001,7225.000000000003,0.4730,2.418201,2.3787081,bcdfb6d,"unknown; Intel64 Family 6 Model 186 Stepping 3, GenuineIntel; 12 cores; unknown RAM; Windows-AMD64",2026-10-02T08:59:01+00:00,conflict_analysis=true conflict_cutoff=true,1,0,0,0,,0.237356,0.478108,12,1,,,,,,,,,0,0,0,nan,nan,77,76,76,0,14
p0201,2ecd7f035c546453ffd5e4fe12cf41c111be192411c4cb7e268b3c8ba81e5335,133,201,1923,201,optimal,,7615.0,7614.999999999997,7615.0,0.0,0.0,1,1,1,289,55,"gomory 18: 17 accepted, 1 duplicate; mir 10: 10 accepted; zero_half 90: 90 accepted",6875.000000000001,7304.999999999998,0.5811,2.592868,2.5469741,bcdfb6d,"unknown; Intel64 Family 6 Model 186 Stepping 3, GenuineIntel; 12 cores; unknown RAM; Windows-AMD64",2026-10-02T08:59:01+00:00,conflict_analysis=true conflict_cutoff=true,1,0,0,1,18a44928d781c7b0beacb1cab001cf51781cbb5d0c767dc46a4c83a1a0787c9c,0.235733,0.295067,5,1,,,,,,,,,0,0,0,nan,nan,100,98,98,0,66
p0201,2ecd7f035c546453ffd5e4fe12cf41c111be192411c4cb7e268b3c8ba81e5335,133,201,1923,201,optimal,,7614.999999999998,7614.999999999997,7614.999999999998,0.0,0.0,1,1,1,338,46,"gomory 38: 37 accepted, 1 duplicate; mir 10: 10 accepted; zero_half 95: 95 accepted",6875.0,7185.0,0.4189,2.755926,2.7053749,bcdfb6d,"unknown; Intel64 Family 6 Model 186 Stepping 3, GenuineIntel; 12 cores; unknown RAM; Windows-AMD64",2026-10-02T08:59:01+00:00,conflict_analysis=true conflict_cutoff=true,1,0,0,2,5a64db06db1e680ab75fa15e3cd22473de5b7e565ba02475f3862018e5ac1ade,0.227027,0.397514,7,1,,,,,,,,,0,0,0,nan,nan,122,115,113,0,80
pk1,6c64530538b254a8ae648f8f8f188847366ae52da560fdec0ad290c642973ba0,45,86,915,55,feasible,,17.999999999999947,11.0,3.244206509148076,14.755793490851872,0.8197663050473286,0,0,1,34939,46,gomory 15: 15 accepted; mir 4: 4 accepted,0.0,0.0,0.0000,60.052349,60.000684,bcdfb6d,"unknown; Intel64 Family 6 Model 186 Stepping 3, GenuineIntel; 12 cores; unknown RAM; Windows-AMD64",2026-10-02T08:59:01+00:00,conflict_analysis=true conflict_cutoff=true,1,0,0,0,,0.273934,24.853495,9,1,,,,,,,,,0,0,0,nan,nan,2929,263,263,0,18
pk1,6c64530538b254a8ae648f8f8f188847366ae52da560fdec0ad290c642973ba0,45,86,915,55,feasible,"stopped at the time limit of 59.9997s after 60.00s, 0 iterations, 34527 nodes",16.999999999999893,11.0,2.859467350766146,14.140532649233748,0.8317960381902257,0,0,1,34527,43,gomory 15: 15 accepted; mir 5: 5 accepted,0.0,0.0,0.0000,60.055102,60.0003909,bcdfb6d,"unknown; Intel64 Family 6 Model 186 Stepping 3, GenuineIntel; 12 cores; unknown RAM; Windows-AMD64",2026-10-02T08:59:01+00:00,conflict_analysis=true conflict_cutoff=true,1,0,0,1,b2634a77319458fb3587db6f15197cd683ba68b8ff50b41413fd67915dc6537f,0.283772,27.637116,11,1,,,,,,,,,0,0,0,nan,nan,2829,407,407,0,22
pk1,6c64530538b254a8ae648f8f8f188847366ae52da560fdec0ad290c642973ba0,45,86,915,55,feasible,,17.99999999999995,11.0,2.731488687987511,15.26851131201244,0.8482506284451379,0,0,1,31373,52,gomory 15: 15 accepted; mir 2: 2 accepted,0.0,0.0,0.0000,60.055870,60.0001163,bcdfb6d,"unknown; Intel64 Family 6 Model 186 Stepping 3, GenuineIntel; 12 cores; unknown RAM; Windows-AMD64",2026-10-02T08:59:01+00:00,conflict_analysis=true conflict_cutoff=true,1,0,0,2,f2e99b32c0663591d62884029c72cfdfc149e8b1c7c3459e10851611bfbcdf94,0.293317,24.020765,7,1,,,,,,,,,0,0,0,nan,nan,2697,259,259,0,20
ran12x21,15ad9b8724f5ba4f6ac958e442040a68abab37943e6a0a4cdf59f8a24e03e2b6,285,504,1008,252,feasible,,3905.0,3663.999999980964,3438.45610935423,466.5438906457698,0.11947346751492184,0,0,1,4303,285,"gomory 17: 13 accepted, 4 too_dense; mir 17: 13 accepted, 4 duplicate",3157.3774420257264,3398.5602638124287,0.3226,60.057773,60.000734,bcdfb6d,"unknown; Intel64 Family 6 Model 186 Stepping 3, GenuineIntel; 12 cores; unknown RAM; Windows-AMD64",2026-10-02T08:59:01+00:00,conflict_analysis=true conflict_cutoff=true,1,0,0,0,,2.152852,7.198716,5,1,,,,,,,,,0,0,0,nan,nan,344,344,344,0,8
ran12x21,15ad9b8724f5ba4f6ac958e442040a68abab37943e6a0a4cdf59f8a24e03e2b6,285,504,1008,252,feasible,,3903.0,3663.999999980964,3456.422674534686,446.57732546531406,0.11441899192039817,0,0,1,4240,285,"gomory 17: 13 accepted, 4 too_dense; mir 13: 11 accepted, 2 duplicate",3157.377442025726,3418.2720133644198,0.3499,60.042673,60.0010518,bcdfb6d,"unknown; Intel64 Family 6 Model 186 Stepping 3, GenuineIntel; 12 cores; unknown RAM; Windows-AMD64",2026-10-02T08:59:01+00:00,conflict_analysis=true conflict_cutoff=true,1,0,0,1,f5c7e5931389c02dea256383cb2cb5e5d902c95dbb13db8b98cf20ecf761460c,2.384569,6.530172,5,1,,,,,,,,,0,0,0,nan,nan,385,385,385,0,7
ran12x21,15ad9b8724f5ba4f6ac958e442040a68abab37943e6a0a4cdf59f8a24e03e2b6,285,504,1008,252,feasible,,3961.0,3663.999999980964,3469.1255163374053,491.8744836625947,0.1241793697709151,0,0,1,3667,285,"gomory 17: 12 accepted, 5 too_dense; mir 12: 8 accepted, 4 duplicate",3157.377442025726,3406.916873193737,0.3105,60.057195,60.0001167,bcdfb6d,"unknown; Intel64 Family 6 Model 186 Stepping 3, GenuineIntel; 12 cores; unknown RAM; Windows-AMD64",2026-10-02T08:59:01+00:00,conflict_analysis=true conflict_cutoff=true,1,0,0,2,dfc50719f38bd612d57ddd0b4a68b22a4438fe749d3bf18bf72aac028dd254b5,2.148500,7.954523,7,1,,,,,,,,,0,0,0,nan,nan,281,281,281,0,8
ran13x13,ddf6f7b055f8cc7442c39a5f3853c3813a8b1f18ae66378d752938337b9cc579,195,338,676,169,feasible,,3408.0,3252.0,3032.896054421769,375.1039455782311,0.11006571173070162,0,0,1,7487,195,"gomory 18: 15 accepted, 3 too_dense; mir 17: 15 accepted, 2 duplicate",2691.439468864469,2934.0449685452845,0.3386,60.051690,60.0001221,bcdfb6d,"unknown; Intel64 Family 6 Model 186 Stepping 3, GenuineIntel; 12 cores; unknown RAM; Windows-AMD64",2026-10-02T08:59:01+00:00,conflict_analysis=true conflict_cutoff=true,1,0,0,0,,1.277766,5.851290,9,1,,,,,,,,,0,0,0,nan,nan,734,734,734,0,31
ran13x13,ddf6f7b055f8cc7442c39a5f3853c3813a8b1f18ae66378d752938337b9cc579,195,338,676,169,feasible,,3380.0,3252.0,3077.130869130868,302.8691308691318,0.08960625173642954,0,0,1,8180,195,"gomory 18: 15 accepted, 3 too_dense; mir 14: 11 accepted, 3 duplicate",2691.439468864469,3009.259963406399,0.4616,60.063757,60.0002195,bcdfb6d,"unknown; Intel64 Family 6 Model 186 Stepping 3, GenuineIntel; 12 cores; unknown RAM; Windows-AMD64",2026-10-02T08:59:01+00:00,conflict_analysis=true conflict_cutoff=true,1,0,0,1,7af92401a3561b9b1ab838b21e78ad25e355c7484bfe30de6431e7f9304bf607,1.208367,4.488239,11,1,,,,,,,,,0,0,0,nan,nan,1101,1101,1101,0,92
ran13x13,ddf6f7b055f8cc7442c39a5f3853c3813a8b1f18ae66378d752938337b9cc579,195,338,676,169,feasible,,3326.0,3252.0,3100.564675083733,225.43532491626684,0.06777971284313494,0,0,1,12750,195,"gomory 18: 15 accepted, 3 too_dense; mir 13: 11 accepted, 2 duplicate",2691.439468864469,2997.4563984533593,0.4823,60.058888,60.0002559,bcdfb6d,"unknown; Intel64 Family 6 Model 186 Stepping 3, GenuineIntel; 12 cores; unknown RAM; Windows-AMD64",2026-10-02T08:59:01+00:00,conflict_analysis=true conflict_cutoff=true,1,0,0,2,b83082b26058627cf5ef9c1d735000305470152f6fd54e374cea7c09a5a6ba14,1.248780,3.844483,7,1,,,,,,,,,0,0,0,nan,nan,2097,2088,2088,0,807
rlp1,edd6f521c7abe8b2de7425601d1739599b44d27bc192e8c757fe9b5ba03fa2c3,68,461,836,450,feasible,"stopped at the time limit of 59.9996s after 60.00s, 0 iterations, 162455 nodes",14.999999999999925,14.99999999990919,14.0,0.9999999999999254,0.06666666666666203,1,0,1,162455,2,"gomory 48: 2 accepted, 46 too_dense",13.244444444444444,13.244444444444445,0.0000,60.069766,60.0007343,bcdfb6d,"unknown; Intel64 Family 6 Model 186 Stepping 3, GenuineIntel; 12 cores; unknown RAM; Windows-AMD64",2026-10-02T08:59:01+00:00,conflict_analysis=true conflict_cutoff=true,1,0,0,0,,0.223497,0.330378,2,1,,,,,,,,,0,0,0,nan,nan,24972,22,22,0,96602
rlp1,edd6f521c7abe8b2de7425601d1739599b44d27bc192e8c757fe9b5ba03fa2c3,68,461,836,450,feasible,,15.000000000000005,14.99999999990919,14.0,1.0000000000000053,0.066666666666667,1,0,1,146521,2,"gomory 48: 2 accepted, 46 too_dense",13.244444444444444,13.244444444444447,0.0000,60.066438,60.0013251,bcdfb6d,"unknown; Intel64 Family 6 Model 186 Stepping 3, GenuineIntel; 12 cores; unknown RAM; Windows-AMD64",2026-10-02T08:59:01+00:00,conflict_analysis=true conflict_cutoff=true,1,0,0,1,d6a4c3d4397a3dfa0e1500c8e32aabd0695e99da80c003ea5054974aa24f58c6,0.190383,0.357211,3,1,,,,,,,,,0,0,0,nan,nan,5534,1815,1815,46,381884
rlp1,edd6f521c7abe8b2de7425601d1739599b44d27bc192e8c757fe9b5ba03fa2c3,68,461,836,450,feasible,,15.000000000000002,14.99999999990919,14.0,1.0000000000000018,0.06666666666666678,1,0,1,148143,2,"gomory 44: 2 accepted, 42 too_dense",13.244444444444444,13.244444444444447,0.0000,60.064062,60.0018074,bcdfb6d,"unknown; Intel64 Family 6 Model 186 Stepping 3, GenuineIntel; 12 cores; unknown RAM; Windows-AMD64",2026-10-02T08:59:01+00:00,conflict_analysis=true conflict_cutoff=true,1,0,0,2,688e6d319590f55387b240c6a67ba21b239f7629710f32ef5aef9ab45863071c,0.193473,0.709197,3,1,,,,,,,,,0,0,0,nan,nan,5456,1365,1365,5,937592
supportcase14,a8cb263fed392f55c3a506274e69b5172ae82d308cf05240bde0c8070df7c5f5,234,304,1129,304,optimal,,288.0,288.0,288.0,0.0,0.0,1,1,1,9,118,"gomory 22: 12 accepted, 2 too_dense, 8 duplicate; zero_half 53: 53 accepted",272.0,284.36,0.7725,0.248110,0.2113011,bcdfb6d,"unknown; Intel64 Family 6 Model 186 Stepping 3, GenuineIntel; 12 cores; unknown RAM; Windows-AMD64",2026-10-02T08:59:01+00:00,conflict_analysis=true conflict_cutoff=true,1,0,0,0,,0.099476,0.099864,2,1,,,,,,,,,0,0,0,nan,nan,4,2,2,0,0
supportcase14,a8cb263fed392f55c3a506274e69b5172ae82d308cf05240bde0c8070df7c5f5,234,304,1129,304,optimal,,288.0,288.0,288.0,0.0,0.0,1,1,1,22,118,"gomory 28: 10 accepted, 17 too_dense, 1 duplicate; zero_half 56: 56 accepted",272.0,285.75,0.8594,0.420239,0.3901495,bcdfb6d,"unknown; Intel64 Family 6 Model 186 Stepping 3, GenuineIntel; 12 cores; unknown RAM; Windows-AMD64",2026-10-02T08:59:01+00:00,conflict_analysis=true conflict_cutoff=true,1,0,0,1,3a36670f3d58fab163ca0105e9e9b92570f559f7c5ba89e85b317953c2938c0f,0.164813,0.173480,3,1,,,,,,,,,0,0,0,nan,nan,8,6,0,0,0
supportcase14,a8cb263fed392f55c3a506274e69b5172ae82d308cf05240bde0c8070df7c5f5,234,304,1129,304,optimal,,288.0,288.0,288.0,0.0,0.0,1,1,1,8,118,"gomory 31: 10 accepted, 20 too_dense, 1 duplicate; zero_half 63: 63 accepted",272.0,286.20000000000005,0.8875,0.263079,0.220537,bcdfb6d,"unknown; Intel64 Family 6 Model 186 Stepping 3, GenuineIntel; 12 cores; unknown RAM; Windows-AMD64",2026-10-02T08:59:01+00:00,conflict_analysis=true conflict_cutoff=true,1,0,0,2,31592d47ab31dea73870b461268b71bed446c092d9aa53209c716b6c697e076f,0.102145,0.104962,2,1,,,,,,,,,0,0,0,nan,nan,3,1,0,0,0
supportcase16,2063fbcfb893abb2c80662ba88e473b13cbc89402aeae2c2f2b7d4c19647b663,130,319,1076,319,optimal,,288.0,288.0,288.0,0.0,0.0,1,1,1,11,116,"gomory 13: 8 accepted, 5 duplicate; zero_half 42: 42 accepted",272.00000000000006,286.2999999999999,0.8937,0.259729,0.2267834,bcdfb6d,"unknown; Intel64 Family 6 Model 186 Stepping 3, GenuineIntel; 12 cores; unknown RAM; Windows-AMD64",2026-10-02T08:59:01+00:00,conflict_analysis=true conflict_cutoff=true,1,0,0,0,,0.171280,0.171473,2,1,,,,,,,,,0,0,0,nan,nan,4,3,0,0,0
supportcase16,2063fbcfb893abb2c80662ba88e473b13cbc89402aeae2c2f2b7d4c19647b663,130,319,1076,319,optimal,,288.0,288.0,288.0,0.0,0.0,1,1,1,7,116,"gomory 29: 10 accepted, 18 too_dense, 1 duplicate; zero_half 51: 51 accepted",272.0,285.70175438596493,0.8564,0.205962,0.176556,bcdfb6d,"unknown; Intel64 Family 6 Model 186 Stepping 3, GenuineIntel; 12 cores; unknown RAM; Windows-AMD64",2026-10-02T08:59:01+00:00,conflict_analysis=true conflict_cutoff=true,1,0,0,1,bd2dcba98dc50baeee9fc36bbdb698a6cb87bff629c66c0893253a0f9c4df3c9,0.101419,0.102027,3,1,,,,,,,,,0,0,0,nan,nan,2,1,0,0,0
supportcase16,2063fbcfb893abb2c80662ba88e473b13cbc89402aeae2c2f2b7d4c19647b663,130,319,1076,319,optimal,,288.0,288.0,288.0,0.0,0.0,1,1,1,5,116,"gomory 25: 9 accepted, 13 too_dense, 3 duplicate; zero_half 74: 72 accepted, 2 too_dense",272.0,286.6,0.9125,0.193786,0.1654998,bcdfb6d,"unknown; Intel64 Family 6 Model 186 Stepping 3, GenuineIntel; 12 cores; unknown RAM; Windows-AMD64",2026-10-02T08:59:01+00:00,conflict_analysis=true conflict_cutoff=true,1,0,0,2,1f53d194e2453788a161d1a9075ac7a5ecec8432c8ee5a19cd7f5a397d89b82e,0.110895,0.111634,3,1,,,,,,,,,0,0,0,nan,nan,1,0,0,0,0
timtab1,5867d1a9c1067a849211c1a61bdb8839fb0025255dde09989d0ed333e0674d7a,171,397,829,171,feasible,,1184271.9999995402,764771.99999978,325152.9797364185,859119.0202631217,0.7254406253491219,0,0,1,57154,170,"gomory 131: 131 accepted; mir 260: 254 accepted, 6 duplicate",28693.99999999998,292904.3441252152,0.2286,60.050321,60.0001362,bcdfb6d,"unknown; Intel64 Family 6 Model 186 Stepping 3, GenuineIntel; 12 cores; unknown RAM; Windows-AMD64",2026-10-02T08:59:01+00:00,conflict_analysis=true conflict_cutoff=true,1,0,0,0,,10.975042,29.560874,4,1,,,,,,,,,0,0,0,nan,nan,1479,1034,21,64,807222
timtab1,5867d1a9c1067a849211c1a61bdb8839fb0025255dde09989d0ed333e0674d7a,171,397,829,171,feasible,,1198370.99999977,764771.99999978,320865.99999989994,877504.9999998701,0.7322481935894966,0,0,1,54131,170,"gomory 134: 134 accepted; mir 268: 262 accepted, 6 duplicate",28693.99999999998,293152.8481202014,0.2261,60.041086,60.0001137,bcdfb6d,"unknown; Intel64 Family 6 Model 186 Stepping 3, GenuineIntel; 12 cores; unknown RAM; Windows-AMD64",2026-10-02T08:59:01+00:00,conflict_analysis=true conflict_cutoff=true,1,0,0,1,a0dcd8078ecdc04b395a7dd155565db3055947e93c6db0856ee22bc0ee744e6d,3.920739,26.153117,4,1,,,,,,,,,0,0,0,nan,nan,1447,1043,12,43,739582
timtab1,5867d1a9c1067a849211c1a61bdb8839fb0025255dde09989d0ed333e0674d7a,171,397,829,171,feasible,,1260387.9999997,764771.99999978,346972.9209053476,913415.0790943524,0.7247094379624129,0,0,1,56654,170,"gomory 130: 130 accepted; mir 258: 253 accepted, 5 duplicate",28693.999999999993,289050.2157847678,0.2114,60.041015,60.0000899,bcdfb6d,"unknown; Intel64 Family 6 Model 186 Stepping 3, GenuineIntel; 12 cores; unknown RAM; Windows-AMD64",2026-10-02T08:59:01+00:00,conflict_analysis=true conflict_cutoff=true,1,0,0,2,35214f1d607bff9f90aff97895c46c47211ab36098e3ab68595673b70abc812a,6.530372,28.860179,5,1,,,,,,,,,0,0,0,nan,nan,1513,1074,6,103,1148699
