instance,instance_sha256,rows,columns,nonzeros,status,message,our_objective,published_objective,absolute_gap,relative_gap,matches_published,independently_verified,verifier_message,passed,objective_offset,differs_by_objective_constant,exact_objective,exact_relative_gap,matches_exact,wall_seconds,solver_seconds,iterations,algorithm,kkt_1e4_seconds,kkt_1e6_seconds,kkt_1e8_seconds,kkt_1e4_iterations,kkt_1e6_iterations,kkt_1e8_iterations,git_commit,machine,timestamp_utc,solver_options
25fv47,e0da0d47ae56bef34f11ac03563027da57dd4ab792d978c0dc8e27a16117f627,821,1571,10400,optimal,,5501.84588828675,5501.8458883,1.3250428310129791e-08,2.4083604992112937e-12,1,1,,1,0.0,0,0.55018458882867447945812325883916e4,9.918431598121063e-16,1,18.002016,3.383854,4586,simplex-dual+primal,,,,,,,462fa39e,Windows-AMD64,2026-09-30T12:36:34+00:00,threads=1
80bau3b,22aef70f5ce164435b15c5c0aa3be93a99932dc136eb936eb17835a661087b9f,2262,9799,21002,optimal,,987224.192409091,987232.16072,7.9683109089965,8.071364797501246e-06,0,1,,0,0.0,0,0.98722419240909025757911711738799e6,8.254530825464809e-16,1,3.16097,2.3240072,3887,simplex-dual+primal,,,,,,,462fa39e,Windows-AMD64,2026-09-30T12:36:34+00:00,threads=1
adlittle,db211f7bf735518a246a2a0e385ec51abc09cd601da7ae50d6c3fe083cb6f94b,56,97,383,optimal,,225494.96316238042,225494.96316,2.3804022930562496e-06,1.055634351959886e-11,1,1,,1,0.0,0,0.22549496316238038228101176621492e6,1.29066432564952e-16,1,0.646266,0.409849,86,simplex-dual+primal,,,,,,,462fa39e,Windows-AMD64,2026-09-30T12:36:34+00:00,threads=1
afiro,04992b87e57e57c1c417c96b846833bfa12e055eeaa623f043c45fc773b5be41,27,32,83,optimal,,-464.75314285714285,-464.75314286,2.857177605619654e-09,6.147731649617561e-12,1,1,,1,0.0,0,-0.46475314285714285714285714285714e3,0.0,1,1.680445,0.3205667,13,simplex-dual,,,,,,,462fa39e,Windows-AMD64,2026-09-30T12:36:34+00:00,threads=1
agg,d7844795d0c799f5cdc1416c8d242f5e8f351f5a3271f42a2d428f170abf1f03,488,163,2410,optimal,,-35991767.2865765,-35991767.287,0.0004234984517097473,1.1766536728601052e-11,1,1,,1,0.0,0,-0.35991767286576506712640824319636e8,2.070079120483366e-16,1,1.452655,1.2304168,140,simplex-dual+primal,,,,,,,462fa39e,Windows-AMD64,2026-09-30T12:36:34+00:00,threads=1
agg2,0515e9b78a802f9473578b23a7a60075554fc39ea7b5796fb41530cd760e4534,516,302,4284,optimal,,-20239252.355977118,-20239252.356,2.2880733013153076e-05,1.130512758608398e-12,1,1,,1,0.0,0,-0.20239252355977109024317661926133e8,3.6812528772701937e-16,1,0.776004,0.4849304,165,simplex-dual+primal,,,,,,,462fa39e,Windows-AMD64,2026-09-30T12:36:34+00:00,threads=1
agg3,1a6e78a0b7d210c935c97527ce49449d0655f9605fcbc33bfdfc93952f3b12d1,516,302,4300,optimal,,10312115.935089227,10312115.935,8.922629058361053e-05,8.652568604351182e-12,1,1,,1,0.0,0,0.10312115935089225579061058796215e8,1.8062686270747795e-16,1,0.731744,0.0140479,168,simplex-dual+primal,,,,,,,462fa39e,Windows-AMD64,2026-09-30T12:36:34+00:00,threads=1
bandm,696daa77a79a0715c2fad877285e49bd7fcd7f5513f3cb83fbe0be916b6d8c81,305,472,2494,optimal,,-158.62801845012086,-158.62801845,1.2084910849807784e-10,7.61839614961652e-13,1,1,,1,0.0,0,-0.15862801845012064052174123768736e3,1.4333765098044641e-15,1,0.972762,0.5878242,520,simplex-dual+primal,,,,,,,462fa39e,Windows-AMD64,2026-09-30T12:36:34+00:00,threads=1
beaconfd,7138e7b58b1d6160f1ad42112a61ed00b5db1c92d73dc48d77f6a26fc717dbfc,173,262,3375,optimal,,33592.485807200006,33592.485807,2.000087988562882e-07,5.953974350258128e-12,1,1,,1,0.0,0,0.335924858072e5,2.1659479610835895e-16,1,1.48284,0.5514382,115,simplex-dual+primal,,,,,,,462fa39e,Windows-AMD64,2026-09-30T12:36:34+00:00,threads=1
blend,38e1d84a38f1e0adaa16d3dd0abe758f6cea13a21f33681aa92742b693260aef,74,83,491,optimal,,-30.812149845828223,-30.812149846,1.7177725908368302e-10,5.574984541560087e-12,1,1,,1,0.0,0,-0.30812149845828220173774356124984e2,1.1530236275549973e-16,1,1.733341,0.8016843,99,simplex-dual+primal,,,,,,,462fa39e,Windows-AMD64,2026-09-30T12:36:34+00:00,threads=1
bnl1,7a842adca058eaa3cb712b3bbae357602f22df6cc318c4d278f6600167fe2300,643,1175,5121,optimal,,1977.629561522888,1977.6292856,0.00027592288802225085,1.3952204795477512e-07,1,1,,1,0.0,0,0.19776295615228892439564398331821e4,5.748641703862406e-16,1,0.579879,0.3085629,1674,simplex-dual+primal,,,,,,,462fa39e,Windows-AMD64,2026-09-30T12:36:34+00:00,threads=1
bnl2,eafd7e49005db1a020d420b3fbed2e124bebf46740c0b2550edcbaa17b07ad6b,2324,3489,13999,optimal,,1811.236540358547,1811.2365404,4.145294951740652e-08,2.2886546617622845e-11,1,1,,1,0.0,0,0.1811236540358545170448413697691e4,1.004280425562625e-15,1,1.645549,0.9218746,2377,simplex-dual+primal,,,,,,,462fa39e,Windows-AMD64,2026-09-30T12:36:34+00:00,threads=1
boeing1,1d9d58afaf41bad6866d5355330b261d3776ca86753d121eb9b688ee6128ab9e,351,384,3485,optimal,,-335.213567507127,-335.21356751,2.8730369194818195e-09,8.570765619133575e-12,1,1,,1,0.0,0,-0.3352135675071266218429697314682e3,1.0174424493053884e-15,1,1.692723,0.5761811,465,simplex-dual+primal,,,,,,,462fa39e,Windows-AMD64,2026-09-30T12:36:34+00:00,threads=1
boeing2,e12e729b8c09bf6e6934af40b728e460d4eb360c42419b791b68fb2271ddd61a,166,143,1196,optimal,,-315.0187280152028,-315.01872802,4.797243491339032e-09,1.522843902485208e-11,1,1,,1,0.0,0,-0.31501872801520287870462195913263e3,3.608891396327696e-16,1,1.051994,0.597603,223,simplex-dual+primal,,,,,,,462fa39e,Windows-AMD64,2026-09-30T12:36:34+00:00,threads=1
bore3d,c7cfe0d4abd466346e3cda4e16d00651f44f3ce1da317cf583c5fed5dfc0515a,233,315,1429,optimal,,1373.080394208493,1373.0803942,8.493088898831047e-09,6.185427258816399e-12,1,1,,1,0.0,0,0.13730803942084927215581987251301e4,3.3118770962322394e-16,1,0.478719,0.0454883,162,simplex-dual+primal,,,,,,,462fa39e,Windows-AMD64,2026-09-30T12:36:34+00:00,threads=1
brandy,56fa020b84a0a106b7883b7da006c2852449598898c41ec8dd2575151d0e0917,220,249,2148,optimal,,1518.509896488128,1518.5098965,1.1871861715917476e-08,7.818099666838409e-12,1,1,,1,0.0,0,0.15185098964881283835426751550618e4,1.4973473401067798e-16,1,0.248345,0.1318283,299,simplex-dual+primal,,,,,,,462fa39e,Windows-AMD64,2026-09-30T12:36:34+00:00,threads=1
capri,4932bc8861fcdaf19256827b7ee229941fa6f2e84f2044b65300326c226fba78,271,353,1767,optimal,,2690.0129137681615,2690.0129138,3.18386810249649e-08,1.1835884081310426e-11,1,1,,1,0.0,0,0.26900129137681610087717280693754e4,1.690502482567846e-16,1,0.941212,0.3731408,259,simplex-dual+primal,,,,,,,462fa39e,Windows-AMD64,2026-09-30T12:36:34+00:00,threads=1
cycle,bfc8edde30952b8dfa354679ea3a3231c2e7eb762c0ff8f0f845505741816d53,1903,2857,20720,optimal,,-5.226393024894101,-5.2263930249,5.899281063648232e-12,1.1287480745405875e-12,1,1,,1,0.0,0,-0.52263930248941017172447233836217e1,1.699409928548421e-16,1,0.523302,0.2490881,335,simplex-dual+primal,,,,,,,462fa39e,Windows-AMD64,2026-09-30T12:36:34+00:00,threads=1
czprob,b1f30bd25705fcc3c4f195d7e627e437788035f81fae9198e3096471b947f704,929,3523,10669,optimal,,2185196.698856578,2185196.6989,4.342198371887207e-05,1.98709725951582e-11,1,1,,1,0.0,0,0.21851966988565774858951155947191e7,4.261962207350949e-16,1,0.871364,0.4532568,981,simplex-dual+primal,,,,,,,462fa39e,Windows-AMD64,2026-09-30T12:36:34+00:00,threads=1
d2q06c,fb1516a10aba6a4101cea6cec90c1da775ac60d2d2cd96e902bbe21a430790c9,2171,5167,32417,optimal,,122784.21081418934,122784.23615,0.02533581065654289,2.0634416478016988e-07,1,1,,1,0.0,0,0.12278421081418945895739128812392e6,9.481294138307999e-16,1,19.765692,16.8658149,14998,simplex-dual+primal,,,,,,,462fa39e,Windows-AMD64,2026-09-30T12:36:34+00:00,threads=1
d6cube,8cd94ee7783bcbce884acde1f4769f5c79739c9460fe73cb948924e724b02dfa,415,6184,37704,optimal,,315.49166666666713,315.49166667,3.3328433346468955e-09,1.0563966300044954e-11,1,1,,1,0.0,0,0.31549166666666666666666666666667e3,1.4413925910979079e-15,1,1.074634,0.2917807,868,simplex-dual+primal,,,,,,,462fa39e,Windows-AMD64,2026-09-30T12:36:34+00:00,threads=1
degen2,755cf6ca5f3a8ed1b8b68372e8d2d3b5efee784ee69b1dada923c6ff04ee0edb,444,534,3978,optimal,,-1435.178,-1435.178,0.0,0.0,1,1,,1,0.0,0,-0.1435178e4,0.0,1,1.00825,0.6641124,611,simplex-dual+primal,,,,,,,462fa39e,Windows-AMD64,2026-09-30T12:36:34+00:00,threads=1
degen3,08d600688c524fea548e946af5551ef8c359c7a7e71b8841acc839b00eefadeb,1503,1818,24646,optimal,,-987.2939999999999,-987.294,1.1368683772161603e-13,1.151499327673581e-16,1,1,,1,0.0,0,-0.987294e3,1.151499327673581e-16,1,2.407916,1.8160323,3164,simplex-dual+primal,,,,,,,462fa39e,Windows-AMD64,2026-09-30T12:36:34+00:00,threads=1
dfl001,85d47c5f8a5fc53772eabac1805b7a1af72431cad9e14d26d673043980952730,6071,12230,35632,optimal,,11266396.0466714,11266400.0,3.953328600153327,3.508954590777291e-07,1,1,,1,0.0,0,0.11266396046671392202377652175477e8,6.613100201750026e-16,1,274.498807,269.4398153,85012,simplex-dual+primal,,,,,,,462fa39e,Windows-AMD64,2026-09-30T12:36:34+00:00,threads=1
e226,ddf56486daea52c8592b520aeb83d329223a1b45a3e5a269bd663ef9195bd8d8,223,282,2578,optimal,,-11.638929066370528,-18.751929066,7.112999999629471,0.3793209741032129,0,1,,0,7.113,1,-0.18751929066370549102605687681285e2,1.1367514242058077e-15,1,0.274049,0.0354393,435,simplex-dual+primal,,,,,,,462fa39e,Windows-AMD64,2026-09-30T12:36:34+00:00,threads=1
etamacro,41701e1add7af2ed2b21a421ab7271bc867e6bc7ad98ac189748d6522e7d4926,400,688,2409,optimal,,-755.7152333505866,-755.71521774,1.561058661536663e-05,2.0656705394990964e-08,1,1,,1,0.0,0,-0.7557152333749133350792583667773e3,3.2190312516305756e-11,1,3.087053,1.6968314,779,simplex-dual+primal,,,,,,,462fa39e,Windows-AMD64,2026-09-30T12:36:34+00:00,threads=1
fffff800,9d6695686c15d5f1b4f43b2ce8830c1d38df3a204717d8875f144aa21b33901e,524,854,6227,optimal,,555679.5648174962,555679.61165,0.046832503750920296,8.427968701579461e-08,1,1,,1,0.0,0,0.555679564817496376532864378969e6,2.0950081521383547e-16,1,2.517787,1.2896388,706,simplex-dual+primal,,,,,,,462fa39e,Windows-AMD64,2026-09-30T12:36:34+00:00,threads=1
finnis,891821f24a8cd14af78b95bb460a56f0e0b5410a59ad01ab58d9daf3387e7546,497,614,2310,optimal,,172791.06559561164,172790.96547,0.10012561164330691,5.794609189835839e-07,1,1,,1,0.0,0,0.17279106559561159432297900375543e6,3.3686730684150445e-16,1,7.48302,0.2871244,398,simplex-dual+primal,,,,,,,462fa39e,Windows-AMD64,2026-09-30T12:36:34+00:00,threads=1
fit1d,59cee4fedd040a05c05d8410474ee014f42ef910e083689202be708491fe8717,24,1026,13404,optimal,,-9146.378092420928,-9146.3780924,2.092747308779508e-08,2.2880612277754342e-12,1,1,,1,0.0,0,-0.91463780924209269467749025024617e4,0.0,1,11.797145,1.8203728,56,simplex-dual,,,,,,,462fa39e,Windows-AMD64,2026-09-30T12:36:34+00:00,threads=1
fit1p,416e77d83daf74dee5ec1d253b77f8e252ff3e27cd123459218b02ef2be0df17,627,1677,9868,optimal,,9146.378092420935,9146.3780924,2.0934749045409262e-08,2.288856729288785e-12,1,1,,1,0.0,0,0.91463780924209269467749025024617e4,7.955015133490479e-16,1,1.41583,0.6090282,1088,simplex-dual+primal,,,,,,,462fa39e,Windows-AMD64,2026-09-30T12:36:34+00:00,threads=1
fit2d,1c16c328c0358ab175596bdd6b9a2c5d1cb4bb53b099d5d1f2a208a889c7bafc,25,10500,129018,optimal,,-68464.2932938321,-68464.293294,1.6789999790489674e-07,2.4523731981559937e-12,1,1,,1,0.0,0,-0.68464293293832069575943518435837e5,4.2509502481574083e-16,1,2.528045,0.9451458,226,simplex-dual+primal,,,,,,,462fa39e,Windows-AMD64,2026-09-30T12:36:34+00:00,threads=1
fit2p,0f44de8ea974ed4cc04fb60ccd2707c2f887dc65f8b6b9bd1e9f01bb59dd4a4f,3000,13525,50284,optimal,,68464.29329383219,68464.293232,6.183219375088811e-05,9.031305346476276e-10,1,1,,1,0.0,0,0.68464293293832069575943518435837e5,1.7003800992629633e-15,1,23.183424,22.2688549,10207,simplex-dual+primal,,,,,,,462fa39e,Windows-AMD64,2026-09-30T12:36:34+00:00,threads=1
forplan,65ec816c0b3c58ec4d61574df130a3ce464abb42f3d49de21710a787bf3cfdc7,161,421,4563,optimal,,-664.2189612722065,-664.21873953,0.00022174220646320464,3.3383913049503697e-07,1,1,,1,0.0,0,-0.66421896127220457481235119701692e3,2.909697485247549e-15,1,1.689497,1.088978,298,simplex-dual+primal,,,,,,,462fa39e,Windows-AMD64,2026-09-30T12:36:34+00:00,threads=1
ganges,f655f33ba979a59d659a8605acaf480c2fe5c610f3a50921bbcac7be40546067,1309,1681,6912,optimal,,-109585.73612927819,-109586.36356,0.6274307218118338,5.72544522355929e-06,0,1,,0,0.0,0,-0.10958573612927811623444890424357e6,6.639511556139013e-16,1,1.99114,1.1728243,1183,simplex-dual+primal,,,,,,,462fa39e,Windows-AMD64,2026-09-30T12:36:34+00:00,threads=1
gfrd-pnc,d66ea78a803e91e4f38dcd74ca4c575aa742e27e7120c1c3494d4d424ee5c936,616,1092,2377,optimal,,6902235.999548811,6902235.9995,4.8811547458171844e-05,7.071845625346303e-12,1,1,,1,0.0,0,0.69022359995488088295415596232193e7,4.047916825835967e-16,1,1.560215,0.7833794,448,simplex-dual+primal,,,,,,,462fa39e,Windows-AMD64,2026-09-30T12:36:34+00:00,threads=1
greenbea,cb701e3ba5153e385b8cb6426e34b5d23bad4b1b9c9a037802e351c24b0f653d,2392,5405,30877,optimal,,-72555248.12984598,-72462405.908,92842.22184596956,0.0012812467469524025,0,1,,0,0.0,0,-0.72555248129845987457557870574845e8,2.0537675189505668e-16,1,7.916384,6.9638128,8526,simplex-dual+primal,,,,,,,462fa39e,Windows-AMD64,2026-09-30T12:36:34+00:00,threads=1
greenbeb,21f92f6a32f71ec72c8f693d6685e4a91ecb2debec732ec61302bc866f370865,2392,5405,30877,optimal,,-4302260.261206586,-4302147.6065,112.65470658615232,2.6185690703858075e-05,0,1,,0,0.0,0,-0.43022602612065867539213672544432e7,2.1647285800285016e-16,1,7.576343,6.9957897,10966,simplex-dual+primal,,,,,,,462fa39e,Windows-AMD64,2026-09-30T12:36:34+00:00,threads=1
grow15,ab84e2f83d00c5bd26291e0505f23804b050bc96dc1e576d9da8f04e1f6ed51f,300,645,5620,optimal,,-106870941.29357535,-106870941.29,0.003575339913368225,3.345474335878028e-11,1,1,,1,0.0,0,-0.10687094129357533671604040930313e9,1.3943136472349437e-16,1,1.105452,0.7487665,1238,simplex-dual+primal,,,,,,,462fa39e,Windows-AMD64,2026-09-30T12:36:34+00:00,threads=1
grow22,671111a1623539730f4caa9366c7eda43fb472137773cd9444dc96ed87f9810e,440,946,8252,optimal,,-160834336.482563,-160834336.48,0.002562999725341797,1.5935650194077246e-11,1,1,,1,0.0,0,-0.16083433648256296718456039982613e9,1.8529825806771284e-16,1,2.866542,0.2122919,2264,simplex-dual+primal,,,,,,,462fa39e,Windows-AMD64,2026-09-30T12:36:34+00:00,threads=1
grow7,6b8734ffdf991a36f17cfddf306834a4a3ced3e17964cac9fa2983a043906cd4,140,301,2612,optimal,,-47787811.8147115,-47787811.815,0.00028849393129348755,6.036977219428426e-12,1,1,,1,0.0,0,-0.47787811814711502616766956242865e8,0.0,1,0.622132,0.2399321,337,simplex-dual+primal,,,,,,,462fa39e,Windows-AMD64,2026-09-30T12:36:34+00:00,threads=1
israel,96564e1fddcbb6e3d46447fceb54b9d18260b95e95075c3a19f5812f9bf5ceeb,174,142,2269,optimal,,-896644.821863046,-896644.82186,3.0460068956017494e-06,3.3971164739267804e-12,1,1,,1,0.0,0,-0.89664482186304572966200464196045e6,3.8950313096677714e-16,1,0.416673,0.318996,170,simplex-dual+primal,,,,,,,462fa39e,Windows-AMD64,2026-09-30T12:36:34+00:00,threads=1
kb2,f0eb647d1d9aac84f49d88662b6b02c6cecc04496e5435be733eced36d7f48f2,43,41,286,optimal,,-1749.9001299062058,-1749.9001299,6.205937097547576e-09,3.5464521611883195e-12,1,1,,1,0.0,0,-0.17499001299062057129526866493726e4,1.2993522976389474e-16,1,0.236123,0.1008864,51,simplex-dual+primal,,,,,,,462fa39e,Windows-AMD64,2026-09-30T12:36:34+00:00,threads=1
lotfi,fcb90a1b5e02b2eae67adacd0937a073d420ca92ac6af514ee13a348d7f31623,153,308,1078,optimal,,-25.264706061880016,-25.264706062,1.1998224636045052e-10,4.74900622496902e-12,1,1,,1,0.0,0,-0.2526470606188e2,7.030981619376371e-16,1,0.378097,0.2179006,200,simplex-dual+primal,,,,,,,462fa39e,Windows-AMD64,2026-09-30T12:36:34+00:00,threads=1
maros,4910e97a363fca07d2fb72838fa26629329a9a8dcd6a4da186f560424bd67077,846,1443,9614,optimal,,-58063.743701125895,-58063.743701,1.2589589459821582e-07,2.1682359175205506e-12,1,1,,1,0.0,0,-0.58063743701125895401208534974734e5,0.0,1,1.169006,0.8080334,1802,simplex-dual+primal,,,,,,,462fa39e,Windows-AMD64,2026-09-30T12:36:34+00:00,threads=1
maros-r7,e97f59ab32a8280526c26c210aacabd6e0c05300e67a0d4afd00b95d245f8db7,3136,9408,144848,optimal,"; crossover did not reach a vertex (not_solved after 0 pivots, 0.73s), the interior point's answer stands",1497185.1664813687,1497185.1665,1.86313409358263e-05,1.2444246278088076e-11,1,1,,1,0.0,0,0.14971851664796437907337543903552e7,1.1520347962326122e-12,1,40.637558,37.8107842,28,ipm,,,,,,,462fa39e,Windows-AMD64,2026-09-30T12:36:34+00:00,threads=1
modszk1,af109be42aa6bd62fc307b623184c69f1030db2f8e1682c636b387a49fd8da43,687,1620,3168,optimal,,320.6197290642054,320.61972906,4.2053898141602986e-09,1.311644117001082e-11,1,1,,1,0.0,0,0.32061972906431580494333823530763e3,3.4430170516907005e-13,1,1.296567,0.9227771,662,simplex-dual+primal,,,,,,,462fa39e,Windows-AMD64,2026-09-30T12:36:34+00:00,threads=1
nesm,20b55063a879a649ef5c7a1a701f81917717b414943f58dea37a1c30495bc5ba,662,2923,13288,optimal,,14076036.48756271,14076073.035,36.547437289729714,2.596422823244446e-06,0,1,,0,0.0,0,0.14076036487562728337980641375835e8,1.3232738852849298e-15,1,4.232985,3.6454811,3321,simplex-dual+primal,,,,,,,462fa39e,Windows-AMD64,2026-09-30T12:36:34+00:00,threads=1
perold,040ed4572876366cd979b6811ee20d706abba6998616b0e53201ea1e043acacd,625,1376,6018,optimal,,-9380.755278235163,-9380.7580773,0.002799064837745391,2.9838365030633286e-07,1,1,,1,0.0,0,-0.93807552782351606734833270386511e4,1.939064978878833e-16,1,5.218224,0.9411719,2492,simplex-dual+primal,,,,,,,462fa39e,Windows-AMD64,2026-09-30T12:36:34+00:00,threads=1
pilot,26916951225f695c68c474adb2e1e052e4c1b3479d6a11fbd579fd20d4e7d2eb,1441,3652,43167,optimal,,-557.4897292730848,-557.40430007,0.08542920308480006,0.00015326254762310174,0,1,,0,0.0,0,-0.55748972928406818073034256636894e3,1.970152722495533e-11,1,55.54236,54.8619525,9900,simplex-dual+primal,,,,,,,462fa39e,Windows-AMD64,2026-09-30T12:36:34+00:00,threads=1
pilot.ja,c0cea98ca60001558b561e3195b84b8d3fd33eeeb695ddba6836bfa29d06d50f,940,1988,14698,feasible,"engine reported optimal but the reduced costs violate dual feasibility by 5.058e-02 (5.058e-02 relative to the terms they are computed from), above the 1.0e-07 tolerance; reporting a feasible point rather than a proof",-6113.136465581344,-6113.1344111,0.002054481344202941,3.360765862554062e-07,0,1,,0,0.0,0,-0.61131364655813432748848620538024e4,1.4877709779482858e-16,0,4.470201,3.2739443,3220,simplex-dual+primal,,,,,,,462fa39e,Windows-AMD64,2026-09-30T12:36:34+00:00,threads=1
pilot.we,5c3e8ed78a522c7df2cac39435efd0552273b8e942b03186997ee9011cd1015a,722,2789,9126,optimal,,-2720107.5328449644,-2720102.7439,4.788944964297116,1.7605750279237147e-06,0,1,,0,0.0,0,-0.27201075328449639629439185412556e7,1.7119223474989002e-16,1,1.992223,1.8137629,5254,simplex-dual+primal,,,,,,,462fa39e,Windows-AMD64,2026-09-30T12:36:34+00:00,threads=1
pilot4,67e872aae722a493f5c2c8f88e3d70d093eea116093874ea43852c864a687cba,410,1000,5141,optimal,route: the scaled attempt returned optimal after 0.2 s of its 300 s share; the unscaled retry from its basis produced this answer,-2581.1392588847157,-2581.1392641,5.215284545556642e-06,2.0205358998229503e-09,1,1,,1,0.0,0,-0.25811392588838886745830997266797e4,3.2047299595147063e-13,1,0.357444,0.2380285,4,simplex-dual,,,,,,,462fa39e,Windows-AMD64,2026-09-30T12:36:34+00:00,threads=1
pilot87,0ecfcc173d82c8a0252f58a99b2a529d8ad0155ee9212b8451cc25c0e387caa4,2030,4883,73152,optimal,,301.71034812776736,301.71072827,0.00038014223264326574,1.259955967833791e-06,0,1,,0,0.0,0,0.3017103473331105277216600201995e3,2.633840200334395e-09,1,189.895404,189.2674182,21163,simplex-dual+primal,,,,,,,462fa39e,Windows-AMD64,2026-09-30T12:36:34+00:00,threads=1
pilotnov,2b000b6da9fb539e3303d5b81f00cc74f430e7ed52d7666ff1ef835bf060773d,975,2172,13057,optimal,,-4497.276188218868,-4497.2761882,1.8867467588279396e-08,4.195309960678878e-12,1,1,,1,0.0,0,-0.44972761882188711430996211783943e4,8.089293729884355e-16,1,6.425206,4.0499867,2311,simplex-dual+primal,,,,,,,462fa39e,Windows-AMD64,2026-09-30T12:36:34+00:00,threads=1
recipe,277b34645cc89526db4a3365fa781ce28aa9768a65c4f301416a8a05c934af61,91,180,663,optimal,,-266.61600000000027,-266.616,2.8421709430404007e-13,1.0660166468030429e-15,1,1,,1,0.0,0,-0.266616e3,1.0660166468030429e-15,1,1.301111,0.7047913,40,simplex-dual,,,,,,,462fa39e,Windows-AMD64,2026-09-30T12:36:34+00:00,threads=1
sc105,062d034400be956757316a9bde8e6de3d221a88fb5dc502def743f1883e23ec3,105,103,280,optimal,,-52.20206121170722,-52.202061212,2.927791342699493e-10,5.608574210909634e-12,1,1,,1,0.0,0,-0.52202061211707248062628010857689e2,5.444556933324681e-16,1,2.513105,1.592021,98,simplex-dual+primal,,,,,,,462fa39e,Windows-AMD64,2026-09-30T12:36:34+00:00,threads=1
sc205,bcecc8d8cafd08c6d97cf8e39a740f5d777e317600bb9f6f158f2ceb550005f9,205,203,551,optimal,,-52.2020612117072,-52.202061212,2.927933451246645e-10,5.608846438756298e-12,1,1,,1,0.0,0,-0.52202061211707248062628010857689e2,8.166835399987022e-16,1,0.566218,0.1099775,232,simplex-dual+primal,,,,,,,462fa39e,Windows-AMD64,2026-09-30T12:36:34+00:00,threads=1
sc50a,36bfce2f419555712bf1b9a8477541199073c7654475d933475cea6db0abe2f2,50,48,130,optimal,,-64.57507705856447,-64.575077059,4.355200644567958e-10,6.744398679677553e-12,1,1,,1,0.0,0,-0.64575077058564509026860413914575e2,4.401343478789465e-16,1,1.933331,0.8911587,42,simplex-dual+primal,,,,,,,462fa39e,Windows-AMD64,2026-09-30T12:36:34+00:00,threads=1
sc50b,bfc47ffcf8f037552130a75142a203dc768d82d15c3b7b9f718c444ffa472f15,50,48,118,optimal,,-69.99999999999999,-70.0,1.4210854715202004e-14,2.0301221021717148e-16,1,1,,1,0.0,0,-0.7e2,2.0301221021717148e-16,1,1.343838,0.8578672,42,simplex-dual,,,,,,,462fa39e,Windows-AMD64,2026-09-30T12:36:34+00:00,threads=1
scagr25,7bac79b91dec46966af26a236d593c823f1e61eb055597426365e4f6bc36df76,471,500,1554,optimal,,-14753433.060768533,-14753433.061,0.00023146718740463257,1.5689039049257294e-11,1,1,,1,0.0,0,-0.14753433060768523167790925075974e8,7.575098520698869e-16,1,2.306793,2.0921503,457,simplex-dual,,,,,,,462fa39e,Windows-AMD64,2026-09-30T12:36:34+00:00,threads=1
scagr7,2170c16fd0cc04a823172c1564e89593e75aac5225e2c2f893a6837ba0b26085,129,140,420,optimal,,-2331389.824330984,-2331389.2548,0.5695309839211404,2.442882426212426e-07,1,1,,1,0.0,0,-0.2331389824330984e7,0.0,1,4.279096,1.6811188,111,simplex-dual,,,,,,,462fa39e,Windows-AMD64,2026-09-30T12:36:34+00:00,threads=1
scfxm1,3e602523ca64bb4fd7387da7eca577d964e08d7c04326c59937a0d58add7de25,330,457,2589,optimal,,18416.759028348937,18416.759028,3.4893673728220165e-07,1.89466961451629e-11,1,1,,1,0.0,0,0.18416759028348943683579089143655e5,3.950726402503032e-16,1,0.911695,0.7435107,433,simplex-dual+primal,,,,,,,462fa39e,Windows-AMD64,2026-09-30T12:36:34+00:00,threads=1
scfxm2,64d44da9d2e6329705e73b1e083f52a7560124c13af4c67ff60d55b0a46b0f0e,660,914,5183,optimal,,36660.26156499881,36660.261565,1.1932570487260818e-09,3.254905987537467e-14,1,1,,1,0.0,0,0.36660261564998812956939504848248e5,1.984698772888764e-16,1,1.24186,0.8807801,937,simplex-dual+primal,,,,,,,462fa39e,Windows-AMD64,2026-09-30T12:36:34+00:00,threads=1
scfxm3,515b442feba7cb583e03d4466da264782d898cc69093848052a7fa98ba4eac7b,990,1371,7777,optimal,,54901.25454975145,54901.25455,2.4854671210050583e-07,4.527159062898059e-12,1,1,,1,0.0,0,0.54901254549751454623888724925519e5,0.0,1,1.382188,0.4506824,1641,simplex-dual+primal,,,,,,,462fa39e,Windows-AMD64,2026-09-30T12:36:34+00:00,threads=1
scorpion,39b61cae042ce4adffb441faec77f5cc003fa725baa25edfb1738aef93a83c5d,388,358,1426,optimal,,1878.1248227381068,1878.1248227,3.810669113590848e-08,2.0289754267304842e-11,1,1,,1,0.0,0,0.18781248227381066296479411763586e4,1.2106419801839656e-16,1,1.357091,0.5922472,242,simplex-dual+primal,,,,,,,462fa39e,Windows-AMD64,2026-09-30T12:36:34+00:00,threads=1
scrs8,33b12d5e3d07b47a8b837ab0bf445fbfb5980af5c825bf049c23e71fb3faf026,490,1169,3182,optimal,,904.2969538007919,904.29998619,0.003032389208101449,3.3533000712269414e-06,0,1,,0,0.0,0,0.90429695380079143579923107948844e3,5.028739165548941e-16,1,1.259696,0.726053,610,simplex-dual+primal,,,,,,,462fa39e,Windows-AMD64,2026-09-30T12:36:34+00:00,threads=1
scsd1,8c4aac4987a81ef66715b5cb2debdb1993afe6cb5e2a29f32556a03802bf55f5,77,760,2388,optimal,,8.666666674333365,8.6666666743,3.3365310514454904e-11,3.849843517507819e-12,1,1,,1,0.0,0,0.86666666743333647292533502995263e1,0.0,1,0.370199,0.2518754,98,simplex-dual+primal,,,,,,,462fa39e,Windows-AMD64,2026-09-30T12:36:34+00:00,threads=1
scsd6,f3da742cfa24cfadb99d510847ea1f7a361ba61537d4c2900c09b674912a5891,147,1350,4316,optimal,,50.500000077641246,50.500000078,3.587530272852746e-10,7.104020331310119e-12,1,1,,1,0.0,0,0.50500000077144345289985489081569e2,9.839680210693766e-12,1,1.306876,1.067217,399,simplex-dual+primal,,,,,,,462fa39e,Windows-AMD64,2026-09-30T12:36:34+00:00,threads=1
scsd8,2090a22840fe2c75730cd76336702ece7c27a739d58740926b67c4b2e57b8e5c,397,2750,8584,optimal,,904.9999999254642,904.99999993,4.535763764579315e-09,5.011893662906241e-12,1,1,,1,0.0,0,0.90499999992546440094445846417654e3,2.512416303447055e-16,1,1.920295,1.0842925,1563,simplex-dual+primal,,,,,,,462fa39e,Windows-AMD64,2026-09-30T12:36:34+00:00,threads=1
sctap1,2b1ab5950d3e37fd21327892e2bc830c5f0d8d3fc1f687c0f57a5cdefd9caa21,300,480,1692,optimal,,1412.2499999999998,1412.25,2.2737367544323206e-13,1.6100100934199472e-16,1,1,,1,0.0,0,0.141225e4,1.6100100934199472e-16,1,0.544338,0.2936784,278,simplex-dual+primal,,,,,,,462fa39e,Windows-AMD64,2026-09-30T12:36:34+00:00,threads=1
sctap2,673d50e3b929f83b1719d28ee09500890294107099518161bcf2a4f452e95fb2,1090,1880,6714,optimal,,1724.8071428571432,1724.8071429,4.285675458959304e-08,2.4847273369668418e-11,1,1,,1,0.0,0,0.17248071428571428571428571428571e4,1.3182556460578402e-16,1,0.525576,0.3485363,775,simplex-dual+primal,,,,,,,462fa39e,Windows-AMD64,2026-09-30T12:36:34+00:00,threads=1
sctap3,44e105b02a722bf19292b8aeb4779480c4eb81f40da35d64d8f4534f85000168,1480,2480,8874,optimal,,1424.0,1424.0,0.0,0.0,1,1,,1,0.0,0,0.1424e4,0.0,1,0.676628,0.1236651,1111,simplex-dual+primal,,,,,,,462fa39e,Windows-AMD64,2026-09-30T12:36:34+00:00,threads=1
seba,539733cdb036e2d2e8e80e7ea1666848b6b67a36a34b1c6cf9a883e1c868ef1e,515,1028,4352,optimal,,15711.599999999999,15711.6,1.8189894035458565e-12,1.1577365790536013e-16,1,1,,1,0.0,0,0.157116e5,1.1577365790536013e-16,1,0.410846,0.1597785,439,simplex-dual,,,,,,,462fa39e,Windows-AMD64,2026-09-30T12:36:34+00:00,threads=1
share1b,fafdf8b5e3d50d27f5eff40e46eb104d1e614bf2721cb5be38081f1678dbd562,117,225,1151,optimal,,-76589.31857918552,-76589.318579,1.85522367246449e-07,2.4223007945303396e-12,1,1,,1,0.0,0,-0.7658931857918568112797274346007e5,2.0899920573981595e-15,1,0.196828,0.1031877,136,simplex-dual,,,,,,,462fa39e,Windows-AMD64,2026-09-30T12:36:34+00:00,threads=1
share2b,2816c0a71096acc08fd88f65c960366856802c074601e5fa544f9c3eab640c96,96,79,694,optimal,,-415.7322407414192,-415.73224074,1.4192096386977937e-09,3.4137589044612273e-12,1,1,,1,0.0,0,-0.41573224074141948654519910873841e3,6.836542044397748e-16,1,0.435659,0.2186953,124,simplex-dual+primal,,,,,,,462fa39e,Windows-AMD64,2026-09-30T12:36:34+00:00,threads=1
shell,e21331e8282f8d8616cbee27e093e50d140ea03f9bc3fd0b6da0ccff638d2f91,536,1775,3556,optimal,,1208825346.0,1208825346.0,0.0,0.0,1,1,,1,0.0,0,0.1208825346e10,0.0,1,0.998037,0.4049349,461,simplex-dual+primal,,,,,,,462fa39e,Windows-AMD64,2026-09-30T12:36:34+00:00,threads=1
ship04l,e7c46bfd6492a400220cf1f5f093f264901fd0e8534dd8cbb060d491612dc881,402,2118,6332,optimal,,1793324.5379703562,1793324.538,2.9643764719367027e-05,1.6530061397825488e-11,1,1,,1,0.0,0,0.17933245379703557625562556255626e7,2.5966370138154925e-16,1,0.782556,0.5271998,447,simplex-dual,,,,,,,462fa39e,Windows-AMD64,2026-09-30T12:36:34+00:00,threads=1
ship04s,2ed2828b251173a05004349121cd9a271a3434bf2efe4e1b70d7e0bdf2d76f94,402,1458,4352,optimal,,1798714.7004453922,1798714.7004,4.5392196625471115e-05,2.5235906848026957e-11,1,1,,1,0.0,0,0.17987147004453921719954082726049e7,0.0,1,0.408362,0.2411566,296,simplex-dual,,,,,,,462fa39e,Windows-AMD64,2026-09-30T12:36:34+00:00,threads=1
ship08l,58b6142628facaa1b056f32f9f47167097db66825f0c6b42c6f65e4da1b5da07,778,4283,12802,optimal,,1909055.211389131,1909055.2114,1.0869000107049942e-05,5.6933922299078996e-12,1,1,,1,0.0,0,0.19090552113891315179803819998425e7,3.6588356732404215e-16,1,0.923652,0.6278098,743,simplex-dual+primal,,,,,,,462fa39e,Windows-AMD64,2026-09-30T12:36:34+00:00,threads=1
ship08s,bdf5671548dde27b0d83c244914036e58081c4683786b2fd132277f577c9a7d8,778,2387,7114,optimal,,1920098.2105346182,1920098.2105,3.461819142103195e-05,1.8029385805227774e-11,1,1,,1,0.0,0,0.1920098210534619710172695474693e7,7.275585458382624e-16,1,0.513896,0.1612116,422,simplex-dual,,,,,,,462fa39e,Windows-AMD64,2026-09-30T12:36:34+00:00,threads=1
ship12l,87bf21f83ae0c5a87aa73ee2d8e2bd4a6a72b3c6cbdc603853dbb7b43b824911,1151,5427,16170,optimal,,1470187.919329266,1470187.9193,2.926611341536045e-05,1.9906375934101617e-11,1,1,,1,0.0,0,0.1470187919329264822702175543886e7,7.918397389637529e-16,1,0.878671,0.6614026,1063,simplex-dual,,,,,,,462fa39e,Windows-AMD64,2026-09-30T12:36:34+00:00,threads=1
ship12s,43bacbc026b0b5588ed9bec06b11fadfbff8beb19b4e84881370a57cc6540e5d,1151,2763,8178,optimal,,1489236.1344061326,1489236.1344,6.132526323199272e-06,4.1179005676423585e-12,1,1,,1,0.0,0,0.14892361344061291565686421605401e7,2.3451349145518495e-15,1,0.596921,0.304303,590,simplex-dual+primal,,,,,,,462fa39e,Windows-AMD64,2026-09-30T12:36:34+00:00,threads=1
sierra,dbabb4bb56b9de7efbca7df842922c7c1ef620bcbee2aeb28f4bf3c5a3868cc9,1227,2036,7302,optimal,,15394362.183631925,15394362.184,0.0003680754452943802,2.3909756110385417e-11,1,1,,1,0.0,0,0.1539436218363193e8,3.62985837349874e-16,1,0.490638,0.1055294,550,simplex-dual+primal,,,,,,,462fa39e,Windows-AMD64,2026-09-30T12:36:34+00:00,threads=1
stair,30a16ec0d02cf6c490495340d2a718f533d8e5d88f839693eb4bc06671bd8649,356,467,3856,optimal,,-251.2669511929633,-251.26695119,2.9633042686327826e-09,1.17934501716146e-11,1,1,,1,0.0,0,-0.25126695119296330352803637106304e3,0.0,1,0.345499,0.0633563,445,simplex-dual+primal,,,,,,,462fa39e,Windows-AMD64,2026-09-30T12:36:34+00:00,threads=1
standata,a513e8587cb8d72ac1f6fb07b33642a212f55646fb2c04521cdfd04b959c6fb1,359,1075,3031,optimal,,1257.6995000000002,1257.6995,2.2737367544323206e-13,1.8078537476021266e-16,1,1,,1,0.0,0,0.12576995e4,1.8078537476021266e-16,1,0.578414,0.3049915,51,simplex-dual+primal,,,,,,,462fa39e,Windows-AMD64,2026-09-30T12:36:34+00:00,threads=1
standmps,93bd6bc6251b7fee0f943e1c69a7b7e836b4b34e4c011c1a871be66a1cb7e00d,467,1075,3679,optimal,,1406.0175000000002,1406.0175,2.2737367544323206e-13,1.617146838095771e-16,1,1,,1,0.0,0,0.14060175e4,1.617146838095771e-16,1,0.730907,0.1605996,197,simplex-dual+primal,,,,,,,462fa39e,Windows-AMD64,2026-09-30T12:36:34+00:00,threads=1
stocfor1,98e1cb3940233e044e3d0e50869539087acdf8f0862916f777e553afc705ba90,117,111,447,optimal,,-41131.97621943643,-41131.976219,4.3643376557156444e-07,1.0610571280306333e-11,1,1,,1,0.0,0,-0.41131976219436406065682760731514e5,5.306789230378818e-16,1,0.762211,0.0202153,104,simplex-dual+primal,,,,,,,462fa39e,Windows-AMD64,2026-09-30T12:36:34+00:00,threads=1
stocfor2,d54988bc39e9c48d13c8a3248913e9b6b77c2f8e9b9f4c3e4c76b060f6096b50,2157,2031,8343,optimal,,-39024.4085378821,-39024.408538,1.1790689313784242e-07,3.021362720283912e-12,1,1,,1,0.0,0,-0.39024408537882029604587908772433e5,1.6780169381448573e-15,1,1.201755,0.6122686,1877,simplex-dual+primal,,,,,,,462fa39e,Windows-AMD64,2026-09-30T12:36:34+00:00,threads=1
stocfor3,be37b15c7a6f0751476f4a940af74c9fb2876fdc0887b5c820c49277db0e20b1,16675,15695,64875,optimal,,-39976.78394364947,-39976.661576,0.1223676494701067,3.0609771963442328e-06,0,1,,0,0.0,0,-0.39976783943649587403509204700686e5,2.9120732170709715e-15,1,25.115117,23.5270608,14487,simplex-dual+primal,,,,,,,462fa39e,Windows-AMD64,2026-09-30T12:36:34+00:00,threads=1
truss,fcabea737e4cdd5cf70e70918632f6be7a7c93a4941c176bc2d5e1fd75170547,1000,8806,27836,optimal,,458815.84718561673,458815.84719,4.38326969742775e-06,9.55344006592823e-12,1,1,,1,0.0,0,0.45881584718561673163624258476816e6,0.0,1,7.900508,5.5957822,14279,simplex-dual+primal,,,,,,,462fa39e,Windows-AMD64,2026-09-30T12:36:34+00:00,threads=1
tuff,768782d2ab2d7d044061f56ba54ddd53cf5ea0666a965edd33d48803098e15e2,333,587,4520,optimal,,0.29214776509361284,0.29214776509,3.612832255583953e-12,3.612832255583953e-12,1,1,,1,0.0,0,0.29214776509361284488226309994302e0,0.0,1,0.50785,0.2343276,242,simplex-dual+primal,,,,,,,462fa39e,Windows-AMD64,2026-09-30T12:36:34+00:00,threads=1
vtp.base,7c34b37d7714796bc0fe30d920f3ecf9866c018a018ee0349ceb85350581dc68,198,203,908,optimal,,129831.46246136139,129831.46246,1.3613898772746325e-06,1.0485824094402891e-11,1,1,,1,0.0,0,0.1298314624613613657395984384889e6,1.1208311877945293e-16,1,1.027775,0.6030624,162,simplex-dual+primal,,,,,,,462fa39e,Windows-AMD64,2026-09-30T12:36:34+00:00,threads=1
wood1p,af3cac48f0727f1d9e1f1ecfa6de30168678800b39e38a808b5df90a48d61330,244,2594,70215,optimal,,1.4429024115734101,1.4429024116,2.65898414397725e-11,1.8428024810276435e-11,1,1,,1,0.0,0,0.14429024115734092400010936668043e1,6.155498892898885e-16,1,2.668456,0.1222554,219,simplex-dual+primal,,,,,,,462fa39e,Windows-AMD64,2026-09-30T12:36:34+00:00,threads=1
woodw,01450b5407d3bb282595e2874e78c26dd7cdde87d70d663065e58bd3e6c288b0,1098,8405,37474,optimal,,1.3044763330842293,1.3044763331,1.577071806480035e-11,1.2089692748447418e-11,1,1,,1,0.0,0,0.1304476333084229269005552085566e1,0.0,1,1.595525,1.1776086,2495,simplex-dual+primal,,,,,,,462fa39e,Windows-AMD64,2026-09-30T12:36:34+00:00,threads=1
