instance,instance_sha256,rows,columns,nonzeros,status,message,our_objective,reference_objective,absolute_gap,relative_gap,matches_reference,primal_residual,dual_residual,duality_gap,primal_residual_rel,dual_residual_rel,duality_gap_rel,success_rel_1e-6,success_rel_1e-9,success_abs_1e-6,success_abs_1e-9,independently_verified,verifier_message,passed,wall_seconds,solver_seconds,iterations,algorithm,time_limit,git_commit,machine,timestamp_utc,solver_options
aug2d,02192b136ef5a1cbc3115c1c8ecf16a00047f8bdb7ead4233109796b3f4b34a9,10000,20200,40000,optimal,,1687411.7333523424,1687411.8,0.06664765765890479,3.9496972617416083e-08,1,9.907919706897417e-09,1.8546586488810135e-10,0.019567597191780806,2.8367890143816233e-10,5.4666912299088746e-12,1.1596219569954025e-08,1,0,0,0,1,,1,9.720541,9.6288203,55000,qp-condat-vu,300.0,65eecbc,Windows-AMD64,2026-09-24T00:16:34+00:00,
aug2dc,04e9ead714afdc3b34ecec3b7c2d7860e7dc8b07c56b7c34b8bb7854f1ff047a,10000,20200,40000,optimal,,1818368.0444758488,1818368.1,0.05552415130659938,3.053515473935084e-08,1,9.890710139792702e-09,1.8146550928577199e-10,0.021118477685377002,2.860339117152279e-10,5.247882986033321e-12,1.161397303712246e-08,1,0,0,0,1,,1,10.112857,10.0165752,57250,qp-condat-vu,300.0,65eecbc,Windows-AMD64,2026-09-24T00:16:34+00:00,
aug2dcqp,46196205ae60e36a1ffb6ce90ea9f2372faedafb9da5f37da4be97dcae47c54f,10000,20200,40000,optimal,,6498134.661831944,6498134.8,0.13816805556416512,2.1262725353768457e-08,1,9.95920346191781e-09,9.272582701669307e-11,0.07766483258455992,1.52523937329968e-10,3.330030598933891e-14,1.1951865527271973e-08,1,0,0,0,1,,1,36.885026,36.7968275,221900,qp-condat-vu,300.0,65eecbc,Windows-AMD64,2026-09-24T00:16:34+00:00,
aug2dqp,b197b11fcee4907481a21e886ced528145063dbbb061e116c88c17f9dad64c1b,10000,20200,40000,optimal,,6237011.950985105,6237012.1,0.14901489485055208,2.3892032348398376e-08,1,9.964595037992297e-09,9.369988118734796e-11,0.07460616063326597,1.518795512872751e-10,3.4355107070208856e-14,1.1961843319709361e-08,1,0,0,0,1,,1,35.474989,35.3871472,217450,qp-condat-vu,300.0,65eecbc,Windows-AMD64,2026-09-24T00:16:34+00:00,
aug3d,76f244bf29b122513d1f4c97b892284d85f2ac95030e13cffd1cd26c582bf94e,1000,3873,6546,optimal,,554.0677252077726,554.06773,4.7922274006850785e-06,8.649172549148601e-09,1,1.107905767128159e-09,2.566480361565482e-10,7.258818186528515e-07,2.761475028867555e-10,8.520830793314598e-11,1.310095832471864e-09,1,0,1,0,1,,1,0.049795,0.0081885,350,qp-condat-vu,300.0,65eecbc,Windows-AMD64,2026-09-24T00:16:34+00:00,
aug3dc,b072c781ed91457d1384275247803fc1edd7a6ad15276885e258c80fce69a3bc,1000,3873,6546,optimal,,771.2624379854028,771.26244,2.0145971575402655e-06,2.612077359219341e-09,1,1.0787923887534134e-09,2.0854185045493523e-10,8.912547855288722e-07,3.8790432325775033e-10,7.498596228058035e-11,1.155579139607811e-09,1,0,1,0,1,,1,0.053012,0.0135786,450,qp-condat-vu,300.0,65eecbc,Windows-AMD64,2026-09-24T00:16:34+00:00,
aug3dcqp,96a6134f1de6ab9ff6728eeae3afb712812edfa57ab116b96b5b36b564d0f5e3,1000,3873,6546,optimal,,993.3621387978624,993.36215,1.1202137670807133e-05,1.1276992656512162e-08,1,8.214379398907568e-09,8.313403299098354e-10,8.66445952851791e-06,2.4813718204802506e-09,1.2561885877338802e-10,8.722357249722427e-09,1,0,0,0,1,,1,0.070119,0.041959,1400,qp-condat-vu,300.0,65eecbc,Windows-AMD64,2026-09-24T00:16:34+00:00,
aug3dqp,1de556794b7d959bbe7ff26676c1447eea09ecb0c4431c6d06391f004bf6daed,1000,3873,6546,optimal,,675.2376676471031,675.23767,2.352896899537882e-06,3.4845462628556874e-09,1,5.257672852643225e-09,5.772813338467131e-10,4.21986214860226e-06,1.5267542628301458e-09,1.10578246652747e-10,6.2494471567838485e-09,1,0,0,0,1,,1,0.069316,0.0345831,1250,qp-condat-vu,300.0,65eecbc,Windows-AMD64,2026-09-24T00:16:34+00:00,
boyd1,6902192b4f0556984e61acdb30a44d5f335991d00e103950499f3012c29d0fc5,18,93261,558985,time_limit,"stopped at the time limit of 299.965s after 299.97s, 153129 iterations, 0 nodes",-95250705.5025101,-61735220.0,33515485.5025101,0.542890840957724,0,16525316.361952841,223368.6224423548,560596792.0731196,4.406751030328195e-06,1.00089907898157,1.2046878833868822,0,0,0,0,,,0,300.687534,299.9676129,153129,qp-condat-vu,300.0,65eecbc,Windows-AMD64,2026-09-24T00:16:34+00:00,
boyd2,c1c49668a02e6487fad5aebb3029aa41b1e6180a5680262d5fdd6f8dc6795e4f,186531,93263,423784,time_limit,"stopped at the time limit of 299.952s after 299.95s, 196630 iterations, 0 nodes",-2.1053364286712415,21.256767,23.36210342867124,1.099043115478061,0,4873797.154496759,206992.45591900343,683833219.9526169,2.2563875711373364e-05,1.0,1.000000003078728,0,0,0,0,,,0,300.716176,299.9539963,196630,qp-condat-vu,300.0,65eecbc,Windows-AMD64,2026-09-24T00:16:34+00:00,
cont-050,9c452ffc27f314a3d791d997221209ad49e9903a368c803ed714c75643a0e916,2401,2597,12005,optimal,,-4.563850923537396,-4.5638509,2.3537396032224933e-08,5.157354293109122e-09,1,8.517921930295547e-09,0.0,1.4436064091682965e-05,2.4336919800844417e-09,0.0,3.1631222558553955e-06,0,0,0,0,1,,0,14.339272,14.2975302,469850,qp-condat-vu,300.0,65eecbc,Windows-AMD64,2026-09-24T00:16:34+00:00,
cont-100,79066914e40a8c3f40db52502fb2d4d197d531a7b88751bdc0c4cdb43e0faff4,9801,10197,49005,iteration_limit,"stopped at this engine's own ceiling of 1000000 iterations, no iteration_limit having been set",-4.644374125915887,-4.6443979,2.377408411380344e-05,5.118873237326078e-06,0,4.093625252778524e-06,0.0,0.0005470974259775829,1.1696072150795783e-06,0.0,0.00011778400529771906,0,0,0,0,,,0,117.691688,117.599268,1000000,qp-condat-vu,300.0,65eecbc,Windows-AMD64,2026-09-24T00:16:34+00:00,
cont-101,80e75837b280a2fe148dd23af99f142e7e3827275c0969f742d53dc35e6358d9,10098,10197,49599,iteration_limit,"stopped at this engine's own ceiling of 1000000 iterations, no iteration_limit having been set",0.140577262864388,0.19552733,0.05495006713561201,0.05495006713561201,0,0.0008519883314484847,0.0,2.4384120083961403,9.823951933452771e-05,0.0,1.0611781430922071,0,0,0,0,,,0,117.706486,117.6332059,1000000,qp-condat-vu,300.0,65eecbc,Windows-AMD64,2026-09-24T00:16:34+00:00,
cont-200,2c46760c82c4cbbd029c53ab3cb0a1132e96d58afc78e36b1dee7d34a0c5705a,39601,40397,198005,time_limit,"stopped at the time limit of 299.979s after 299.98s, 618267 iterations, 0 nodes",-4.656165407869832,-4.6848759,0.028710492130167964,0.006128335679109017,0,0.00025909010410513035,0.0,3.7293234523337055,7.597821245343466e-05,0.0,0.4447353654039903,0,0,0,0,,,0,300.314961,299.9794291,618267,qp-condat-vu,300.0,65eecbc,Windows-AMD64,2026-09-24T00:16:34+00:00,
cont-201,497f6bb826031776a79f55252f7c23587195d3759e50c94d5bbc8cdc4b2bd06a,40198,40397,199199,time_limit,"stopped at the time limit of 299.979s after 299.98s, 684000 iterations, 0 nodes",0.08595597547567568,0.19248337,0.1065273945243243,0.1065273945243243,0,0.0007331869964146698,0.0,14.265702984074997,0.0001748805329198519,0.0,1.0060618835740545,0,0,0,0,,,0,300.22221,299.9793927,684000,qp-condat-vu,300.0,65eecbc,Windows-AMD64,2026-09-24T00:16:34+00:00,
cont-300,f4001c2ebe5aac243f838ed198818beb1de07a140e5401173a6e93c79fbc0c58,90298,90597,448799,time_limit,"stopped at the time limit of 299.953s after 299.95s, 260281 iterations, 0 nodes",0.012121004888112796,0.19151232,0.17939131511188722,0.17939131511188722,0,0.0004723475027490487,0.0,48.12293123718751,6.465343136677096e-05,0.0,1.0002519393215286,0,0,0,0,,,0,300.522689,299.9545195,260281,qp-condat-vu,300.0,65eecbc,Windows-AMD64,2026-09-24T00:16:34+00:00,
cvxqp1l,83c03debbb3201adfd09dfcfabe3541ebb4c70626bc7fba003a7e55e5dd12cdf,5000,10000,14998,model_error,"the quadratic objective is not convex: sparse LDL^T reached -0.00353259 at column 6580 (C---6581) in minimization sense; that exhibits a direction in which the objective curves downward, so the model ",0.0,108704800.0,108704800.0,1.0,0,,,,,,,0,0,0,0,,,0,0.101607,0.037022,0,qp-condat-vu,300.0,65eecbc,Windows-AMD64,2026-09-24T00:16:34+00:00,
cvxqp1m,ca7bdb6fc942ea1ddb1384b18d4c63e0bea8c30672914daa30c4d0640a26344b,500,1000,1498,iteration_limit,"stopped at this engine's own ceiling of 1000000 iterations, no iteration_limit having been set",1038951.3053957401,1087511.6,48560.29460426001,0.04465266816856023,0,0.16047346748192126,0.0,14953.30135218706,0.02604888541911283,0.0,0.014188477075101744,0,0,0,0,,,0,13.983732,13.9592949,1000000,qp-condat-vu,300.0,65eecbc,Windows-AMD64,2026-09-24T00:16:34+00:00,
cvxqp1s,481bf3df4058cb0721493d537fea18158f5d148a5678bf80badcc7090b886eb7,50,100,148,iteration_limit,"stopped at this engine's own ceiling of 1000000 iterations, no iteration_limit having been set",11590.714787855635,11590.718,0.0032121443655341864,2.771307494095004e-07,0,1.647598944387596e-06,0.0,0.0033273188819293864,2.745997486595567e-07,0.0,2.87067535321498e-07,0,0,0,0,,,0,3.6013,3.5689356,1000000,qp-condat-vu,300.0,65eecbc,Windows-AMD64,2026-09-24T00:16:34+00:00,
cvxqp2l,65df66df056a944c4d2578140100f4c01da903c5b7a80c8df1b53e84f1d68ff5,2500,10000,7499,model_error,"the quadratic objective is not convex: sparse LDL^T reached -0.00353259 at column 6580 (C---6581) in minimization sense; that exhibits a direction in which the objective curves downward, so the model ",0.0,81842458.0,81842458.0,1.0,0,,,,,,,0,0,0,0,,,0,0.101774,0.033968,0,qp-condat-vu,300.0,65eecbc,Windows-AMD64,2026-09-24T00:16:34+00:00,
cvxqp2m,54b6275cb56d2a06527e9c265a4b4fcb2f09a162ead9819989bb836daa421a9c,250,1000,749,iteration_limit,"stopped at this engine's own ceiling of 1000000 iterations, no iteration_limit having been set",820155.4293408551,820155.43,0.0006591449491679668,8.036829667371303e-10,0,2.8530371576351854e-07,0.0,0.0016708681359887123,4.755061760991078e-08,0.0,2.037257906013707e-09,0,0,0,0,,,0,12.946277,12.9096125,1000000,qp-condat-vu,300.0,65eecbc,Windows-AMD64,2026-09-24T00:16:34+00:00,
cvxqp2s,c7131355e795b3e6bdc8ac5736f9a6c18afe055f7a194deef27e92d45980432c,25,100,74,optimal,,8120.940471891981,8120.9405,2.8108018341299612e-05,3.461177722124625e-09,1,9.846328197227194e-09,0.0,5.248948582448065e-06,1.6410546968448053e-09,0.0,6.463473777726812e-10,1,0,0,0,1,,1,0.174198,0.1430496,42500,qp-condat-vu,300.0,65eecbc,Windows-AMD64,2026-09-24T00:16:34+00:00,
cvxqp3l,af77954ea31b284296c729cffebfd59d93382c2e72a59757aa9679c7309d4b6f,7500,10000,22497,model_error,"the quadratic objective is not convex: sparse LDL^T reached -0.00353259 at column 6580 (C---6581) in minimization sense; that exhibits a direction in which the objective curves downward, so the model ",0.0,115711100.0,115711100.0,1.0,0,,,,,,,0,0,0,0,,,0,0.107456,0.0350065,0,qp-condat-vu,300.0,65eecbc,Windows-AMD64,2026-09-24T00:16:34+00:00,
cvxqp3m,9c59cef2a949cdb0e618a07585ac147d724a407ada4f7c60244f110050f5b708,750,1000,2247,iteration_limit,"stopped at this engine's own ceiling of 1000000 iterations, no iteration_limit having been set",1094161.4221881267,1362828.7,268667.27781187324,0.1971394334532823,0,0.18887619812662848,0.0,11678.794733963441,0.03070639672720329,0.0,0.01056101465225173,0,0,0,0,,,0,15.362136,15.3292275,1000000,qp-condat-vu,300.0,65eecbc,Windows-AMD64,2026-09-24T00:16:34+00:00,
cvxqp3s,e8676449606aaccd1b94d2b0f5e9b8cf71b8e78cfa503bc796e888101557dd01,75,100,222,iteration_limit,"stopped at this engine's own ceiling of 1000000 iterations, no iteration_limit having been set",11941.385102556504,11943.432,2.0468974434970733,0.00017138268493487242,0,0.0020386471999227496,0.0,1.3127344113854633,0.0003396939096267263,0.0,0.00010991941932265713,0,0,0,0,,,0,3.76837,3.7389677,1000000,qp-condat-vu,300.0,65eecbc,Windows-AMD64,2026-09-24T00:16:34+00:00,
dpklo1,7a49c5707a22c8fc45f7ad74c848d7a3fa872ea98d6fb8356d253686e0a61c16,77,133,1575,optimal,,0.3700962171142686,0.37009622,2.8857313760788372e-09,2.8857313760788372e-09,1,77.00000000121935,6.329837385959849e-09,12.368204479968254,2.1076357823740395,6.329837385959849e-09,1.0308462141702857,0,0,0,0,0,[FAIL] row activity                worst violation 7.700e+01 (2.157e+01 relative to the row's terms) on 1,0,0.047328,0.0169468,3900,qp-condat-vu,300.0,65eecbc,Windows-AMD64,2026-09-24T00:16:34+00:00,
dtoc3,4efa5db5f426966bb5b817a36877b9e533667406d65028b62f47ba13a967105e,9998,14999,34993,optimal,,235.26250817601908,235.26248,2.8176019071679548e-05,1.1976418454689224e-07,1,9.762826991277507e-09,0.006000399999999025,0.0901073741304117,6.199996670276056e-10,0.00021736199644696428,0.00038300779341770403,0,0,0,0,0,"[FAIL] dual feasibility (columns)  worst 6.000e-03 (2.173e-04 relative) on C---5002; [FAIL] complementary slackness     worst |multiplier| * slack = 6.000e-03 on C---5002; [FAIL] strong duality              primal 2.352625081760e+02  dual 2.351724008019e+02  gap 9.011e-02 (relative 3.830e-04), 1.789",0,32.361671,32.2798506,250450,qp-condat-vu,300.0,65eecbc,Windows-AMD64,2026-09-24T00:16:34+00:00,
dual1,c165e806991da952d0dae38a289490a82771f1b6342984618ac5ae6478662ea9,1,85,85,optimal,,0.03501296573386889,0.035012966,2.661311102047925e-10,2.661311102047925e-10,1,1.0554446205901513e-11,0.0,1.0157655340459204e-07,1.0554446205790117e-11,0.0,1.0157655340459204e-07,1,0,1,0,1,,1,0.072586,0.0510564,5650,qp-condat-vu,300.0,65eecbc,Windows-AMD64,2026-09-24T00:16:34+00:00,
dual2,53f2a1294dc37eea4b85a28316d963e60e64a2eec8caaafecad8384060a4735d,1,96,96,optimal,,0.0337336759171937,0.033733676,8.280629654189298e-11,8.280629654189298e-11,1,5.7095072003576774e-09,0.0,1.8493744225606124e-07,5.7095072003576774e-09,0.0,1.8493744225606124e-07,1,0,1,0,1,,1,0.046595,0.0167295,1550,qp-condat-vu,300.0,65eecbc,Windows-AMD64,2026-09-24T00:16:34+00:00,
dual3,93f1c373146281bc484ae0c6183c57e7be579453ce83991e2444077cbc728b55,1,111,111,optimal,,0.13575583697030272,0.13575584,3.029697270839904e-09,3.029697270839904e-09,1,7.149998371147603e-10,0.0,3.7180654222090936e-07,7.149998366035355e-10,0.0,3.7180654222090936e-07,1,0,1,0,1,,1,0.051434,0.0248936,1900,qp-condat-vu,300.0,65eecbc,Windows-AMD64,2026-09-24T00:16:34+00:00,
dual4,f6656ad52db385831aef4c04069f99328f0e646e929404f3a2b5c15e6a836dd1,1,75,75,optimal,,0.7460908398457453,0.74609084,1.5425472010832664e-10,1.5425472010832664e-10,1,2.3325458231582274e-09,0.0,5.877528463926751e-10,2.3325458231582274e-09,0.0,5.877528463926751e-10,1,0,1,0,1,,1,0.035666,0.0097941,1300,qp-condat-vu,300.0,65eecbc,Windows-AMD64,2026-09-24T00:16:34+00:00,
dualc1,52afa052a0aedf1c8b2398b179d564ba8f15a8e5e72420978e129a221c9ce8ff,215,9,1935,iteration_limit,"stopped at this engine's own ceiling of 1000000 iterations, no iteration_limit having been set",0.529745389774935,6155.2508,6154.721054610225,0.9999139360186957,0,0.9915624192795058,0.0,279.02955362841436,0.05800463212127624,0.0,0.9981050696877715,0,0,0,0,,,0,2.62878,2.6087251,1000000,qp-condat-vu,300.0,65eecbc,Windows-AMD64,2026-09-24T00:16:34+00:00,
dualc2,da818670a4ebdbede82540bf6362f6efc1ab06144d293c6d43c6695e0cacd2aa,229,7,1603,iteration_limit,"stopped at this engine's own ceiling of 1000000 iterations, no iteration_limit having been set",5.773191917396829,3551.3077,3545.534508082603,0.9983743475910587,0,0.9714517838975116,0.0,409.71660364117156,0.015211648813182025,0.0,0.9861050933642411,0,0,0,0,,,0,2.486377,2.4572511,1000000,qp-condat-vu,300.0,65eecbc,Windows-AMD64,2026-09-24T00:16:34+00:00,
dualc5,39b045ef5174a7b779c0dc433d6ea527333e71e34640190de1add9d036bb1c8f,278,8,2224,optimal,,427.2323272022154,427.23233,2.7977845888926822e-06,6.54862563629649e-09,1,9.255785027306729e-10,0.0,4.4132963239462697e-07,1.5426308364566291e-12,0.0,1.0329968129629365e-09,1,0,1,0,1,,1,0.063288,0.0367171,15700,qp-condat-vu,300.0,65eecbc,Windows-AMD64,2026-09-24T00:16:34+00:00,
dualc8,89803bc784662170530ae8ab265cb2a4703bbef287085703c4e6af0d8aeda4a8,503,8,4024,iteration_limit,"stopped at this engine's own ceiling of 1000000 iterations, no iteration_limit having been set",0.7777487924883805,18309.359,18308.581251207514,0.9999575217902229,0,0.997050824297616,0.0,509.8364271886342,0.16844932583748243,0.0,0.9984768366624488,0,0,0,0,,,0,2.549801,2.5229182,1000000,qp-condat-vu,300.0,65eecbc,Windows-AMD64,2026-09-24T00:16:34+00:00,
exdata,52ff38200a11eab611af9eb5fbf4eab03b8c6f1136227952d5c87e5e3909b7b8,3001,3000,7500,time_limit,"stopped at the time limit of 299.967s after 299.97s, 136162 iterations, 0 nodes",-139.38537331182573,-141.84343,2.458056688174281,0.01732936582381208,0,0.006955153862383767,0.012141705855865867,1.467965940388268,0.00034769746489019183,0.0030792128709919726,0.010421946317926783,0,0,0,0,,,0,300.893154,299.9702023,136162,qp-condat-vu,300.0,65eecbc,Windows-AMD64,2026-09-24T00:16:34+00:00,
genhs28,acadeb848d71d7ccace41451d78e6cf710a985daaa265e84debbff010c5a1560,8,10,24,optimal,,0.9271736940520505,0.92717369,4.052050472935775e-09,4.052050472935775e-09,1,2.4752994098875547e-09,5.871658270706348e-09,1.0792988724972474e-10,2.475299404241182e-09,4.014594481873574e-09,1.0792988724972474e-10,1,0,1,0,1,,1,0.026645,0.0021179,750,qp-condat-vu,300.0,65eecbc,Windows-AMD64,2026-09-24T00:16:34+00:00,
gouldqp2,a786b3cc98cb4c75397de32bf7ff6105e562473dd3fe286ef77e4fd79b60f6c9,349,699,1047,iteration_limit,"stopped at this engine's own ceiling of 1000000 iterations, no iteration_limit having been set",0.00018431298392653644,0.00018427534,3.764392653645451e-08,3.764392653645451e-08,0,4.99214503069112e-10,0.0,5.426163219257553e-07,1.50263978649744e-11,0.0,5.426163219257553e-07,0,0,0,0,,,0,7.845056,7.8211941,1000000,qp-condat-vu,300.0,65eecbc,Windows-AMD64,2026-09-24T00:16:34+00:00,
gouldqp3,4b2629a5589d9543515ef77023a904545efeeb9feb6a27a84b0f652ad4c936f9,349,699,1047,optimal,,2.0627839715234586,2.062784,2.8476541569233405e-08,1.3804907139687627e-08,1,1.5500749381974765e-09,0.0,6.657501216977835e-10,4.652934453420029e-11,0.0,3.227435014422301e-10,1,1,1,0,1,,1,0.038494,0.0056832,650,qp-condat-vu,300.0,65eecbc,Windows-AMD64,2026-09-24T00:16:34+00:00,
hs118,78bdddede419c9fe212edc9d5725876fb307a83eb338815f8ebe8bdc0f633040,17,15,39,optimal,,664.8204500131691,664.82045,1.3169028534321114e-08,1.980839869519825e-11,1,5.517492240869615e-09,0.0,1.4404051853489364e-06,5.517492240808718e-11,0.0,2.166607819179456e-09,1,0,0,0,1,,1,0.058518,0.0289332,12450,qp-condat-vu,300.0,65eecbc,Windows-AMD64,2026-09-24T00:16:34+00:00,
hs21,2026bc5a854c9e12c3317c0a281268ba74c1233436a2f3540e62bd1dd6d934ec,1,2,2,optimal,,-99.96,-99.96,0.0,0.0,1,0.0,0.0,1.4210854715202004e-14,0.0,0.0,1.4216541331734696e-16,1,1,1,1,1,,1,0.024372,0.0002014,50,qp-condat-vu,300.0,65eecbc,Windows-AMD64,2026-09-24T00:16:34+00:00,
hs268,5297c2920c31b3c92173e426f3fee31617caebc435aaeac18ad46c780be49b88,5,5,25,iteration_limit,"stopped at this engine's own ceiling of 1000000 iterations, no iteration_limit having been set",0.011059869184464333,5.7310705e-07,0.011059296077414333,0.011059296077414333,0,0.0,0.02802232640978275,0.15998079914788832,0.0,8.194141882502704e-07,0.15998079914788832,0,0,0,0,,,0,2.488202,2.4638625,1000000,qp-condat-vu,300.0,65eecbc,Windows-AMD64,2026-09-24T00:16:34+00:00,
hs35,e8ef393def15d86bd4d9a2d463b6a19a4bfd43b71164e27a6e6ecbcf9979cd82,1,3,3,optimal,,0.11111111087281778,0.11111111,8.72817776387258e-10,8.72817776387258e-10,1,1.0723271159918113e-09,7.716438599203457e-11,3.8277647718132357e-10,3.574423718695054e-10,9.645548249004321e-12,3.8277647718132357e-10,1,1,1,0,1,,1,0.025277,0.000447,150,qp-condat-vu,300.0,65eecbc,Windows-AMD64,2026-09-24T00:16:34+00:00,
hs35mod,d7bdecfb4c425d5fbb6e3ba4321a7193bbec0e40c4aedf79d6d5f5739c5e5023,1,3,3,optimal,,0.24999999999999822,0.25,1.7763568394002505e-15,1.7763568394002505e-15,1,0.0,4.3662762294616186e-10,1.864606247181655e-10,0.0,5.457845286642923e-11,1.864606247181655e-10,1,1,1,1,1,,1,0.026508,0.0004278,150,qp-condat-vu,300.0,65eecbc,Windows-AMD64,2026-09-24T00:16:34+00:00,
hs51,479ba38c0dd9a3415268c350cf4b668bf28ae1f971010dbbe47aa43e38bcc040,3,5,7,optimal,,0.0,8.8817842e-16,8.8817842e-16,8.8817842e-16,1,3.010432902961213e-09,5.98665681794181e-10,1.914592928642378e-09,7.5260822554749e-10,1.496664202319297e-10,1.914592928642378e-09,1,0,1,0,1,,1,0.021661,0.0014592,600,qp-condat-vu,300.0,65eecbc,Windows-AMD64,2026-09-24T00:16:34+00:00,
hs52,98d7f7ed93b1ad9694f9b55ae59343b79e919f53d108b7eadce3e22aa151b8b7,3,5,7,optimal,,5.3266474834204764,5.3266476,1.1657952381227688e-07,2.1886096578320082e-08,1,7.912356811412558e-09,5.501291422405075e-09,8.090189407283788e-08,7.912356811412558e-09,1.3753228556012687e-09,1.5188144718774874e-08,1,0,1,0,1,,1,0.019702,0.0020374,800,qp-condat-vu,300.0,65eecbc,Windows-AMD64,2026-09-24T00:16:34+00:00,
hs53,3a44acf3d130ce39f1fbe35963745d7a1b30354e99fcd938f80d05c830ed2011,3,5,7,optimal,,4.093023212256625,4.0930233,8.774337434402923e-08,2.1437301454899913e-08,1,5.8707712025096725e-09,0.0,2.9753799424270255e-09,5.8707712025096725e-09,0.0,7.269394249595949e-10,1,0,1,0,1,,1,0.024039,0.0018302,700,qp-condat-vu,300.0,65eecbc,Windows-AMD64,2026-09-24T00:16:34+00:00,
hs76,392b7f31f2e174b2a7ff28f7ae40b5411e4dd1f47a75adf5c5f2b4b1b7c30df6,3,4,10,optimal,,-4.68181817406548,-4.6818182,2.5934520309078835e-08,5.5394120833395095e-09,1,0.0,5.772464062303584e-09,7.036650373493103e-09,0.0,1.924154687434528e-09,1.5029738686717927e-09,1,0,1,0,1,,1,0.024393,0.0005462,150,qp-condat-vu,300.0,65eecbc,Windows-AMD64,2026-09-24T00:16:34+00:00,
hues-mod,6e9456bd489060a2cdafe5886f88ca2c67d3388292a52458ddd2c75adfae0615,2,10000,19819,optimal,,34824463.87436684,34824690.0,226.1256331577897,6.493256168476725e-06,0,5.828269422636367e-09,5.408110683383621e-07,0.00024953484535217285,6.118988363445144e-13,2.838935877812497e-07,7.165504291770565e-12,1,0,0,0,0,[FAIL] dual feasibility (columns)  worst 5.408e-07 (5.408e-07 relative) on C------3; [FAIL] complementary slackness     worst |multiplier| * slack = 1.278e-05 on C----178,0,0.129148,0.0800562,1150,qp-condat-vu,300.0,65eecbc,Windows-AMD64,2026-09-24T00:16:34+00:00,
huestis,a2cbfcdabd1669e41cb27c27d6ead945a6d82187ddaa47e718137c8ea9c2a849,2,10000,19819,iteration_limit,"stopped at this engine's own ceiling of 1000000 iterations, no iteration_limit having been set",348244626092.13904,348246900000.0,2273907.860961914,6.529585363033854e-06,0,8.343053991666238e-06,0.005408110502722134,12638.11865234375,8.759212670319786e-10,2.8389358432321386e-07,3.629092094116321e-08,0,0,0,0,,,0,73.866069,73.8153443,1000000,qp-condat-vu,300.0,65eecbc,Windows-AMD64,2026-09-24T00:16:34+00:00,
ksip,204e3f28cb1e21f89f89d32b1e198c639ee4cf8f3d5d881c6d781889889ea559,1001,20,18128,iteration_limit,"stopped at this engine's own ceiling of 1000000 iterations, no iteration_limit having been set",0.5757924737433843,0.57579794,5.466256615682674e-06,5.466256615682674e-06,0,4.952871744845488e-06,4.005646708771238e-08,2.22035679342536e-06,4.952871744845488e-06,3.395773744933383e-08,2.22035679342536e-06,0,0,0,0,,,0,19.243139,19.196591,1000000,qp-condat-vu,300.0,65eecbc,Windows-AMD64,2026-09-24T00:16:34+00:00,
laser,fa2f8ceb861346da2d0e23794ae0f8e28dad4b9ae838ab41f2eb7621796f2047,1000,1002,3000,optimal,,2409601.3454815038,2409601.4,0.05451849615201354,2.262552476605199e-08,1,7.137714419513941e-09,8.125766726152506e-10,0.00011600274592638016,2.0127424989101174e-11,1.035129519233295e-12,4.814188294604096e-11,1,1,0,0,0,[FAIL] complementary slackness     worst |multiplier| * slack = 3.149e-06 on R506,0,0.057049,0.0274204,2050,qp-condat-vu,300.0,65eecbc,Windows-AMD64,2026-09-24T00:16:34+00:00,
liswet1,327240b19583d2a1653ecc5324a510cfae37bfffa3672a5e87a1a1544ee8a07a,10000,10002,30000,iteration_limit,"stopped at this engine's own ceiling of 1000000 iterations, no iteration_limit having been set",25.002292793579727,36.122402,11.120109206420274,0.3078452315109132,0,1.0833695187353887e-05,1.7161422588563013e-08,0.0010451538519191672,1.0833695187353887e-05,1.5614068409210274e-08,4.180057295217681e-05,0,0,0,0,,,0,98.325367,98.2522735,1000000,qp-condat-vu,300.0,65eecbc,Windows-AMD64,2026-09-24T00:16:34+00:00,
liswet10,4c1b8237a1ba547fbb11213de81d079cadffa61e75e0d3e22b3993b8d4be14e3,10000,10002,30000,iteration_limit,"stopped at this engine's own ceiling of 1000000 iterations, no iteration_limit having been set",25.001832231734625,49.485785,24.483952768265375,0.49476739165126665,0,3.581009297537463e-06,6.58839317824178e-09,0.00026306715517421253,3.2611452963838164e-06,5.989611696902444e-09,1.0521804353967517e-05,0,0,0,0,,,0,97.978393,97.9147937,1000000,qp-condat-vu,300.0,65eecbc,Windows-AMD64,2026-09-24T00:16:34+00:00,
liswet11,b57bc4347fdb0fc23be87851b2c1e89d13fa27722cf9f09b1b9d745e0e512f59,10000,10002,30000,iteration_limit,"stopped at this engine's own ceiling of 1000000 iterations, no iteration_limit having been set",24.999230015706416,49.523957,24.524726984293586,0.49520935866036686,0,3.815377642379936e-06,6.914036010385871e-09,0.00042180278796877246,3.474579320676878e-06,6.285944441764738e-09,1.68723465043128e-05,0,0,0,0,,,0,96.518392,96.4549955,1000000,qp-condat-vu,300.0,65eecbc,Windows-AMD64,2026-09-24T00:16:34+00:00,
liswet12,7770a01846cea88db61ab9172a6245b6ae726cc0281de4fd4fe6c02b23030fb4,10000,10002,30000,iteration_limit,"stopped at this engine's own ceiling of 1000000 iterations, no iteration_limit having been set",24.99860345613797,1736.9274,1711.928796543862,0.9856075714758499,0,4.803719125923145e-06,7.999520421075879e-09,0.0015636950329280808,4.374639865756829e-06,7.272357404227201e-09,6.254738312234357e-05,0,0,0,0,,,0,99.832999,99.7677293,1000000,qp-condat-vu,300.0,65eecbc,Windows-AMD64,2026-09-24T00:16:34+00:00,
liswet2,d30971fb3e7b7a586381cd3ffedddc600d5749677315e4c4570ec401551e108d,10000,10002,30000,iteration_limit,"stopped at this engine's own ceiling of 1000000 iterations, no iteration_limit having been set",24.997378293032853,24.998076,0.0006977069671485481,2.7910426672378627e-05,0,3.5280694578032623e-06,6.502033494948378e-09,0.00022733115611117682,3.5280694578032623e-06,5.9168563972594215e-09,9.094117233820335e-06,0,0,0,0,,,0,97.206916,97.1282044,1000000,qp-condat-vu,300.0,65eecbc,Windows-AMD64,2026-09-24T00:16:34+00:00,
liswet3,67aa7301e7a0b23fcc563681b0b47e639fa50ff329d5b32c24c5ff40063d1113,10000,10002,30000,iteration_limit,"stopped at this engine's own ceiling of 1000000 iterations, no iteration_limit having been set",25.000660213809056,25.00122,0.0005597861909443225,2.239035498844946e-05,0,3.511892011975881e-06,6.483097086951162e-09,0.00022568353438146005,3.511892011975881e-06,5.901772496086628e-09,9.027021494681816e-06,0,0,0,0,,,0,97.35506,97.283012,1000000,qp-condat-vu,300.0,65eecbc,Windows-AMD64,2026-09-24T00:16:34+00:00,
liswet4,0fa291b2fb1414361881d43e2fd4ee4fbb1e128abe077b132711be7f7ec6cfc5,10000,10002,30000,iteration_limit,"stopped at this engine's own ceiling of 1000000 iterations, no iteration_limit having been set",24.999544311287195,25.000112,0.0005676887128061026,2.2707446782882515e-05,0,3.5093086659975024e-06,6.487432993584896e-09,0.0002257462410852895,3.5093086659975024e-06,5.907870862020668e-09,9.029932698013835e-06,0,0,0,0,,,0,98.496166,98.4258304,1000000,qp-condat-vu,300.0,65eecbc,Windows-AMD64,2026-09-24T00:16:34+00:00,
liswet5,e6cf57ab95f7f742b3001bc5c8ae2309ad7d10d7fa82a203e51ad20e91dd222e,10000,10002,30000,iteration_limit,"stopped at this engine's own ceiling of 1000000 iterations, no iteration_limit having been set",25.03368649173899,25.034253,0.0005665082610093464,2.2629325548852862e-05,0,3.507551912917961e-06,6.477550093531015e-09,0.00022626808640779927,1.2931395468643165e-06,2.2998661786589034e-09,9.03846268774048e-06,0,0,0,0,,,0,97.076403,97.0079252,1000000,qp-condat-vu,300.0,65eecbc,Windows-AMD64,2026-09-24T00:16:34+00:00,
liswet6,a1c3d6f698ed8f953fc09e00d43c1dde185521d709eed239caf4073a748fe7f3,10000,10002,30000,iteration_limit,"stopped at this engine's own ceiling of 1000000 iterations, no iteration_limit having been set",24.995143408429158,24.995748,0.0006045915708412508,2.4187776690709588e-05,0,3.525574484408711e-06,6.499302471207891e-09,0.0002267867903356091,3.2106620484863418e-06,5.917925472763594e-09,9.073151890308661e-06,0,0,0,0,,,0,98.709422,98.6273041,1000000,qp-condat-vu,300.0,65eecbc,Windows-AMD64,2026-09-24T00:16:34+00:00,
liswet7,4c296e3070c9e118c56953e0da746cda5a64becaf0524bfc3b914b7bd2e01382,10000,10002,30000,iteration_limit,"stopped at this engine's own ceiling of 1000000 iterations, no iteration_limit having been set",25.002193147754497,498.84089,473.8386968522455,0.9498794231808975,0,3.5291756899317323e-06,6.504636718140944e-09,0.0003011082208104199,3.5291756899317323e-06,5.913359865217814e-09,1.2043127286725219e-05,0,0,0,0,,,0,99.168678,99.10672,1000000,qp-condat-vu,300.0,65eecbc,Windows-AMD64,2026-09-24T00:16:34+00:00,
liswet8,3dadc3345ccefc5b83d03e48c36ae94fb97713c5b8db058db040729cf99c8abc,10000,10002,30000,iteration_limit,"stopped at this engine's own ceiling of 1000000 iterations, no iteration_limit having been set",25.00214847782445,7144.7006,7119.698451522176,0.9965006023516473,0,3.519843152294949e-06,6.501075580644944e-09,0.0004096119173482293,3.519843152294949e-06,5.910122438063022e-09,1.638280034698015e-05,0,0,0,0,,,0,98.967007,98.8886277,1000000,qp-condat-vu,300.0,65eecbc,Windows-AMD64,2026-09-24T00:16:34+00:00,
liswet9,1f9daaac30cddc5850ab9786ba95e7d3254236cb3845db069235fb535dfdf4e9,10000,10002,30000,iteration_limit,"stopped at this engine's own ceiling of 1000000 iterations, no iteration_limit having been set",25.001700599674678,1963.2513,1938.2495994003252,0.9872651552046982,0,3.5727476368208055e-06,6.6020607175643065e-09,0.0015100938644536654,3.572538435757024e-06,6.002855665076382e-09,6.039599805651664e-05,0,0,0,0,,,0,98.439485,98.36963,1000000,qp-condat-vu,300.0,65eecbc,Windows-AMD64,2026-09-24T00:16:34+00:00,
lotschd,244445062ce2ea8f1d09e289bfeea4632b094d5fc83bab3b85de81718369e8eb,7,12,54,optimal,,2398.415891221753,2398.4159,8.778246865404071e-06,3.660018625378556e-09,1,5.083709453401752e-09,6.157421239549876e-10,2.0909465092699975e-07,4.031490446776912e-11,8.614945401824796e-12,8.718031417072458e-11,1,1,1,0,1,,1,0.027277,0.0031969,1250,qp-condat-vu,300.0,65eecbc,Windows-AMD64,2026-09-24T00:16:34+00:00,
mosarqp1,13213429760482316673222bfe3398789c2e9de7b6c13f70c6561d000bc1243d,700,2500,3422,optimal,,-952.8754430325085,-952.87544,3.0325085162985488e-06,3.182481559498006e-09,1,9.343004148121281e-09,7.627743991989178e-10,1.2248619896126911e-09,4.8365361012589415e-09,2.8060920846966383e-10,1.2854376703366288e-12,1,0,1,0,1,,1,0.174451,0.1452122,7900,qp-condat-vu,300.0,65eecbc,Windows-AMD64,2026-09-24T00:16:34+00:00,
mosarqp2,172a6418e163901ccf0cd9e62dd5b1284bec1bc9fd05a5c161af3191ed6730e9,600,900,2930,optimal,,-1597.4821175440834,-1597.4821,1.7544083448228776e-05,1.0982334918324767e-08,1,5.6290635486178076e-09,1.0202505507095339e-11,1.9733988665393554e-08,2.183593032498471e-09,5.079537729752976e-13,1.235318282982218e-11,1,0,1,0,1,,1,0.050293,0.0157881,1500,qp-condat-vu,300.0,65eecbc,Windows-AMD64,2026-09-24T00:16:34+00:00,
powell20,560eab097cfe1fb9dc5b3887112f0de7e89026b396f3969bdfcbca577b700f82,10000,10000,20000,iteration_limit,"stopped at this engine's own ceiling of 1000000 iterations, no iteration_limit having been set",43610973507.96539,52089583000.0,8478609492.034607,0.16276977091628103,0,2.4532537802410843,0.0015630095508072372,2019861198.9872131,0.00024527746940227423,2.0852444109212958e-07,0.044265269569558265,0,0,0,0,,,0,92.553039,92.4894975,1000000,qp-condat-vu,300.0,65eecbc,Windows-AMD64,2026-09-24T00:16:34+00:00,
primal1,16c6658468f80c73bf380857bb8e3ff15e312a0a4d9e632f9f7aa794bf771b91,85,325,5815,optimal,,-0.03501296558464731,-0.035012965,5.846473097315119e-10,5.846473097315119e-10,1,6.453485766610978e-09,3.118029634832653e-09,6.278209202514873e-11,6.453485766610978e-09,3.118029634832653e-09,6.278209202514873e-11,1,0,1,0,1,,1,0.042026,0.0097736,900,qp-condat-vu,300.0,65eecbc,Windows-AMD64,2026-09-24T00:16:34+00:00,
primal2,4c1ea1a6fdf9f7e56b7bab418c6eaf9f380517cb074adec08d74935394147004,96,649,8042,optimal,,-0.03373367580599228,-0.033733676,1.940077196116441e-10,1.940077196116441e-10,1,4.133402758954574e-09,2.602203602770914e-09,2.6890374649202187e-10,4.133402758954574e-09,2.602203601921247e-09,2.6890374649202187e-10,1,0,1,0,1,,1,0.034129,0.0097095,750,qp-condat-vu,300.0,65eecbc,Windows-AMD64,2026-09-24T00:16:34+00:00,
primal3,2e757c606cf382d7ad1de072f25bf563b75e96e95b61af5438fa5c87348f47fb,111,745,21547,optimal,,-0.1357558371880636,-0.13575584,2.811936378188662e-09,2.811936378188662e-09,1,3.1091077073996942e-09,1.8617787519992213e-10,3.500562617553271e-10,3.1091077073996942e-09,1.8617787519992213e-10,3.500562617553271e-10,1,0,1,0,1,,1,0.064282,0.0285395,950,qp-condat-vu,300.0,65eecbc,Windows-AMD64,2026-09-24T00:16:34+00:00,
primal4,c893496757b40cfccb2203fd82dac1ad56496947e4d9ed2739c9f70c8a65c927,75,1489,16031,optimal,,-0.7460908336142325,-0.74609083,3.6142324688626104e-09,3.6142324688626104e-09,1,6.511210681736657e-09,5.607570074950274e-09,4.83287088126616e-09,6.038403642399744e-09,5.607570074950274e-09,4.83287088126616e-09,1,0,1,0,1,,1,0.053668,0.0222178,750,qp-condat-vu,300.0,65eecbc,Windows-AMD64,2026-09-24T00:16:34+00:00,
primalc1,c125cdda17e711a4b0a8f360513388c063253021acbf0a57daec02efc38b04eb,9,230,2070,iteration_limit,"stopped at this engine's own ceiling of 1000000 iterations, no iteration_limit having been set",-19.168935509374244,-6155.2508,6136.081864490626,0.9968857588208471,0,0.00013340800535920593,0.998653067128976,19.156656980000225,7.599534307331836e-07,0.36595631636446047,0.9993594569000447,0,0,0,0,,,0,4.691544,4.6682907,1000000,qp-condat-vu,300.0,65eecbc,Windows-AMD64,2026-09-24T00:16:34+00:00,
primalc2,a71fe8ca55669b80621021dbab4b7d2f061a885b9982668725e0f5e65ab2c5d0,7,231,1617,iteration_limit,"stopped at this engine's own ceiling of 1000000 iterations, no iteration_limit having been set",-21.03068797621081,-3551.3077,3530.277012023789,0.9940780439903276,0,0.00016020780491210473,0.9982300460438783,21.012904120147837,1.955614473178078e-06,0.25211732171752377,0.99915438543508,0,0,0,0,,,0,4.442138,4.4128765,1000000,qp-condat-vu,300.0,65eecbc,Windows-AMD64,2026-09-24T00:16:34+00:00,
primalc5,94492ebf96066922c6e44a07f3da314a46425ac1be86470a0331f978ae1496c9,8,287,2296,iteration_limit,"stopped at this engine's own ceiling of 1000000 iterations, no iteration_limit having been set",-60.54906399885845,-427.23233,366.68326600114153,0.8582760251340097,0,0.00020773931628062167,0.993545034587856,60.356176112940815,2.0868453140481203e-06,0.2565324963421851,0.9968143539605951,0,0,0,0,,,0,5.091334,5.0706911,1000000,qp-condat-vu,300.0,65eecbc,Windows-AMD64,2026-09-24T00:16:34+00:00,
primalc8,2b56d47e05f74ffb58e62e9364f912ba929eded5a5ff20897562d5beded328f5,8,520,4160,iteration_limit,"stopped at this engine's own ceiling of 1000000 iterations, no iteration_limit having been set",-14.76888787079715,-18309.43,18294.661112129204,0.9991933726024897,0,1.166030263277662e-05,0.9999036671779691,14.768221582851693,3.6874605260841253e-07,0.9999036671779691,0.9999548857062708,0,0,0,0,,,0,6.985188,6.9556439,1000000,qp-condat-vu,300.0,65eecbc,Windows-AMD64,2026-09-24T00:16:34+00:00,
q25fv47,1033975a3fc0242129ed29617c352e1afcf099eee2cd9eba875710a1f799538d,820,1571,10400,iteration_limit,"stopped at this engine's own ceiling of 1000000 iterations, no iteration_limit having been set",9905852.009302704,13744448.0,3838595.9906972963,0.27928338705907263,0,13.241650654595356,1.4444064176906721,1401425.5049287044,0.0028180339092622395,5.958995497738305e-05,0.12394013529471289,0,0,0,0,,,0,121.595811,121.5428189,1000000,qp-condat-vu,300.0,65eecbc,Windows-AMD64,2026-09-24T00:16:34+00:00,
qadlittl,e06c4d9a3afa6c3cadaf62551aa3d1668d430c24a8d3aeb8e615f4464d52cbfe,56,97,383,iteration_limit,"stopped at this engine's own ceiling of 1000000 iterations, no iteration_limit having been set",480328.8787726118,480318.86,10.018772611801978,2.085858675589374e-05,0,0.0033835035203564345,3.406792063742614e-05,10.07432659668848,1.430052206441978e-06,9.638186431199375e-09,2.0973809907976978e-05,0,0,0,0,,,0,3.356907,3.3231455,1000000,qp-condat-vu,300.0,65eecbc,Windows-AMD64,2026-09-24T00:16:34+00:00,
qafiro,f914d7af0a75383dcb1b7993512b5772d09752e34d95cc22a48a356537be798a,27,32,83,optimal,,-1.5907819092204032,-1.5907818,1.0922040316607706e-07,6.865831829737873e-08,1,9.835228742538504e-09,5.794079330793727e-10,1.8479710650609604e-08,2.2352792596571254e-10,5.7940793307937274e-11,1.1616746798224517e-08,1,0,1,0,1,,1,0.05501,0.0342879,13200,qp-condat-vu,300.0,65eecbc,Windows-AMD64,2026-09-24T00:16:34+00:00,
qbandm,77ceb14be33f7c2d5b9291e7e22ac5fff024faf3406aab9b261c5a77ba6c888f,305,472,2494,iteration_limit,"stopped at this engine's own ceiling of 1000000 iterations, no iteration_limit having been set",16353.530093041722,16352.342,1.1880930417210038,7.265583374668924e-05,0,4.591068465157443,1.00430655888023,12419.964184634631,0.005369611122533033,0.0029584287267324792,0.7594668621375646,0,0,0,0,,,0,6.429175,6.3995834,1000000,qp-condat-vu,300.0,65eecbc,Windows-AMD64,2026-09-24T00:16:34+00:00,
qbeaconf,7f1545831d39c8c606ac68f512a6aa32e0bcb50fe6c502762e6f2fc8e66b0a27,173,262,3375,iteration_limit,"stopped at this engine's own ceiling of 1000000 iterations, no iteration_limit having been set",164541.65869199942,164712.06,170.4013080005825,0.0010345405673426859,0,10.93544403105296,4.769152838071044,2387.1178555393126,0.0038788600227669906,0.005316866831192444,0.014300217762990064,0,0,0,0,,,0,5.088095,5.0527643,1000000,qp-condat-vu,300.0,65eecbc,Windows-AMD64,2026-09-24T00:16:34+00:00,
qbore3d,773406ab95ea862bd59d8a088aaa9a4ffe32e3788f4ba620ffb0d9cf8580153c,233,315,1429,iteration_limit,"stopped at this engine's own ceiling of 1000000 iterations, no iteration_limit having been set",3503.854158042186,3100.2008,403.653358042186,0.1302023269080461,0,6.201999435904817,1.354250882939494,3162.364230551725,0.002681316556055611,0.0004364059197629466,0.47438653314488166,0,0,0,0,,,0,4.578917,4.5556712,1000000,qp-condat-vu,300.0,65eecbc,Windows-AMD64,2026-09-24T00:16:34+00:00,
qbrandy,8a4b47ec7b9362027f8732c132ea8fad03fbd6049bbee416f4f15a50425ac937,220,249,2148,iteration_limit,"stopped at this engine's own ceiling of 1000000 iterations, no iteration_limit having been set",27730.903747460216,28375.115,644.2112525397861,0.02270338825198721,0,0.37274504133506436,0.23494301447361074,5432.1447660168415,0.0001030008055391252,0.0003942944439574056,0.1958877653424603,0,0,0,0,,,0,4.992524,4.9602762,1000000,qp-condat-vu,300.0,65eecbc,Windows-AMD64,2026-09-24T00:16:34+00:00,
qcapri,55c739bef51af3bbab10308d8f25b3466ff16340a40de4de55f5059906bac311,271,353,1767,iteration_limit,"stopped at this engine's own ceiling of 1000000 iterations, no iteration_limit having been set",44854747.1675592,66793293.0,21938545.8324408,0.3284543229878006,0,56.816822006814164,0.292138903581872,5434764.3788701,0.0035531986854754785,1.4079359799824535e-07,0.10806953998454545,0,0,0,0,,,0,6.770691,6.7484701,1000000,qp-condat-vu,300.0,65eecbc,Windows-AMD64,2026-09-24T00:16:34+00:00,
qe226,61f2249ee62a41eaa01b76ab86e771a8923620c5993dd3e200c4bcd42bfb5d64,223,282,2578,iteration_limit,"stopped at this engine's own ceiling of 1000000 iterations, no iteration_limit having been set",212.9726108145344,212.65343,0.3191808145344055,0.0015009436458861985,0,0.04189939033432999,0.05954783978265,9.70461167097531,0.0010857086680713447,0.0011408491562412688,0.045567416551166307,0,0,0,0,,,0,7.3909,7.3616375,1000000,qp-condat-vu,300.0,65eecbc,Windows-AMD64,2026-09-24T00:16:34+00:00,
qetamacr,abc3bc27cbce055be49a08d0e4ef20f35fdc5e860bb014181d44e78a71f846d4,400,688,2409,iteration_limit,"stopped at this engine's own ceiling of 1000000 iterations, no iteration_limit having been set",79285.67549058767,86760.37,7474.694509412322,0.08615332679439153,0,0.28971916298893996,0.054044368784785426,104.33392707959865,0.00028971859616237197,1.66364639679285e-06,0.0013141946681313839,0,0,0,0,,,0,14.906273,14.8764707,1000000,qp-condat-vu,300.0,65eecbc,Windows-AMD64,2026-09-24T00:16:34+00:00,
qfffff80,4ca2d84c1f49b8d4c5ba36cb08a0e94e991e792395240af54d9302b2484857bd,524,854,6227,iteration_limit,"stopped at this engine's own ceiling of 1000000 iterations, no iteration_limit having been set",75555683.87130134,873147.47,74682536.40130134,85.53255774915243,0,7790.73602089307,5536.755146379176,1200858223.7118232,0.0344851842734244,0.004674537389537196,0.9408062828033853,0,0,0,0,,,0,13.205037,13.1706973,1000000,qp-condat-vu,300.0,65eecbc,Windows-AMD64,2026-09-24T00:16:34+00:00,
qforplan,2950201445f260604706a03742e87ac1a256460f974a43138b4fe44ef96bc77d,161,421,4563,iteration_limit,"stopped at this engine's own ceiling of 1000000 iterations, no iteration_limit having been set",2176776008.8279343,7456631500.0,5279855491.172066,0.7080751531267256,0,4615.194312820725,137.6627537942643,561152478.4020867,0.0006243514279168936,0.00014255583030951108,0.257790639058097,0,0,0,0,,,0,8.513343,8.4771695,1000000,qp-condat-vu,300.0,65eecbc,Windows-AMD64,2026-09-24T00:16:34+00:00,
qgfrdxpn,3ef573eeb1320841d7c08bb5b3f2f3ee3d5b41e92f1f49e9a6a9ef427e073c73,616,1092,2377,iteration_limit,"stopped at this engine's own ceiling of 1000000 iterations, no iteration_limit having been set",100006400874.37367,100790590000.0,784189125.6263275,0.007780380347275748,0,391.8040345605598,98.67980710045751,645147531.3295746,0.005597200493722283,1.0736522382125686e-06,0.006409712930884414,0,0,0,0,,,0,9.595608,9.56923,1000000,qp-condat-vu,300.0,65eecbc,Windows-AMD64,2026-09-24T00:16:34+00:00,
qgrow15,507aadbae6387eb6d6b29cf651b896476e2e83ab86ddec97a33ac257e16f70c9,300,645,5620,iteration_limit,"stopped at this engine's own ceiling of 1000000 iterations, no iteration_limit having been set",-2242610.570347432,-101693640.0,99451029.42965257,0.9779473861851398,0,7.275957614183426e-12,2.964556102383465,77223796.90150128,3.4830673168165027e-16,0.42350801462620924,0.971779137352574,0,0,0,0,,,0,12.024032,11.9941863,1000000,qp-condat-vu,300.0,65eecbc,Windows-AMD64,2026-09-24T00:16:34+00:00,
qgrow22,9180bc1963a4ca55a93cf06dd8c52a1bc2eecef7fbe0a75aae08a587e6d53a79,440,946,8252,iteration_limit,"stopped at this engine's own ceiling of 1000000 iterations, no iteration_limit having been set",-2304787.7902014223,-149628950.0,147324162.20979857,0.9845966453002483,0,4.547473508864641e-12,3.1293419226636963,113968166.95452146,3.0827146856566713e-16,0.2868626012996961,0.9801777825698024,0,0,0,0,,,0,16.482293,16.4487975,1000000,qp-condat-vu,300.0,65eecbc,Windows-AMD64,2026-09-24T00:16:34+00:00,
qgrow7,a9524dd366e038843edc0c1c4c5d3eeb2b6815ee9f785cc9ee4303a4c640676b,140,301,2612,iteration_limit,"stopped at this engine's own ceiling of 1000000 iterations, no iteration_limit having been set",-2226802.4731464386,-42798714.0,40571911.52685356,0.94797034151198,0,1.0913936421275139e-11,2.964556102262681,31079931.947310064,2.312363540503616e-16,0.42350801460895443,0.9331425757615321,0,0,0,0,,,0,7.191095,7.1658735,1000000,qp-condat-vu,300.0,65eecbc,Windows-AMD64,2026-09-24T00:16:34+00:00,
qisrael,7a4260bc9b96131179355a9feff20c6eff9ce696a3a9c6af9c496f32744a555f,174,142,2269,iteration_limit,"stopped at this engine's own ceiling of 1000000 iterations, no iteration_limit having been set",25372338.873072516,25347838.0,24500.873072516173,0.000966586305014107,0,1.241357549166028,1.248780471402547,38563426.43369251,7.6232775251678345e-06,3.5356477221327286e-05,1.5199003381836271,0,0,0,0,,,0,5.972491,5.9412484,1000000,qp-condat-vu,300.0,65eecbc,Windows-AMD64,2026-09-24T00:16:34+00:00,
qpcblend,45aff6b9792885d2fe23e4971061fcce41fb35df683a1323c7b9241e4e78cbf9,74,83,491,iteration_limit,"stopped at this engine's own ceiling of 1000000 iterations, no iteration_limit having been set",-0.008369148215317557,-0.0078425409,0.0005266073153175569,0.0005266073153175569,0,5.818298163653068e-05,5.938825953233362e-08,0.00041471204800798064,5.818298163653068e-05,1.0590149788451927e-08,0.00041471204800798064,0,0,0,0,,,0,3.466771,3.4435944,1000000,qp-condat-vu,300.0,65eecbc,Windows-AMD64,2026-09-24T00:16:34+00:00,
qpcboei1,0d4e39f9458bb7b1ec45a44b63eef65411f1b013c8803ad6d43ef9b86e015428,351,384,3485,iteration_limit,"stopped at this engine's own ceiling of 1000000 iterations, no iteration_limit having been set",11265858.39335514,11503914.0,238055.60664485954,0.020693444565463504,0,2.9555806581994304,0.0656726917384276,53619.61490131356,7.663227151386599e-05,1.6866707445760133e-07,0.004759478863407307,0,0,0,0,,,0,7.468825,7.4350754,1000000,qp-condat-vu,300.0,65eecbc,Windows-AMD64,2026-09-24T00:16:34+00:00,
qpcboei2,4d6a8c31327b8f40e66cfd564ae6d1957b287701005ece47fa4f9746c0f2dc00,166,143,1196,iteration_limit,"stopped at this engine's own ceiling of 1000000 iterations, no iteration_limit having been set",7255114.683159479,8171962.3,916847.6168405209,0.11219430329977427,0,27.74909486523869,0.05562681765746902,163782.73838356975,0.0029425001628287473,5.295124977978527e-09,0.022076425791786283,0,0,0,0,,,0,4.230343,4.2067914,1000000,qp-condat-vu,300.0,65eecbc,Windows-AMD64,2026-09-24T00:16:34+00:00,
qpcstair,0764bfb65b3b46aa05d2d9eb396ff94cac3adfbecdb45ce4ec324134fc423d68,356,467,3856,iteration_limit,"stopped at this engine's own ceiling of 1000000 iterations, no iteration_limit having been set",6030333.7943653865,6204387.5,174053.70563461352,0.02805332607523523,0,0.6043578566829808,0.0004944066647567524,107480.64176681731,0.002316434866550329,5.056686625948441e-09,0.017511223723887477,0,0,0,0,,,0,10.011752,9.9856225,1000000,qp-condat-vu,300.0,65eecbc,Windows-AMD64,2026-09-24T00:16:34+00:00,
qpilotno,5ff788c9e6978855052ed27e36e2381ad021904abac2ae67d861e247294aafd8,975,2172,13057,iteration_limit,"stopped at this engine's own ceiling of 1000000 iterations, no iteration_limit having been set",3177737.4336418635,4728586.9,1550849.4663581369,0.3279731342905291,0,11380.194265462062,761.4477480482748,7566646.441485506,0.19166307930180443,0.00021816550322419217,0.7042420048860929,0,0,0,0,,,0,21.311772,21.2457261,1000000,qp-condat-vu,300.0,65eecbc,Windows-AMD64,2026-09-24T00:16:34+00:00,
qptest,0959aa0e31b8dc8239690a6390fc319d23c9a8467cf348164141a0e82fa92490,2,2,4,optimal,,4.371874990463657,4.371875,9.536343270610814e-09,2.1812936716193426e-09,1,2.230723605833873e-09,1.6141310510420226e-10,6.350950876310435e-09,1.1153618041609684e-09,1.8878725760178176e-11,1.4526835488580355e-09,1,0,1,0,1,,1,0.022041,0.0005943,200,qp-condat-vu,300.0,65eecbc,Windows-AMD64,2026-09-24T00:16:34+00:00,
qrecipe,297fa808e0e2d9073c93675053855ebadcaf8c62e04edd6e51f5823f52256ffa,91,180,663,iteration_limit,"stopped at this engine's own ceiling of 1000000 iterations, no iteration_limit having been set",-257.3009097451612,-266.616,9.315090254838765,0.034938226718721925,0,1.1300511378744744,0.0,155.9850693087456,0.05646588630039184,0.0,0.3774264727437068,0,0,0,0,,,0,3.730419,3.7092358,1000000,qp-condat-vu,300.0,65eecbc,Windows-AMD64,2026-09-24T00:16:34+00:00,
qsc205,d9e26beddd3ccf916590b44d3b5ea7c6ba1ec02526217552947ec96866698275,205,203,551,optimal,,-0.005813943781668583,-0.0058139518,8.018331416372038e-09,8.018331416372038e-09,1,4.983533540697804e-09,1.0233829058572768e-10,3.2703337655981546e-08,4.983533540697804e-09,1.0233829058572768e-10,3.2703337655981546e-08,1,0,1,0,1,,1,0.26901,0.2413388,62550,qp-condat-vu,300.0,65eecbc,Windows-AMD64,2026-09-24T00:16:34+00:00,
qscagr25,6d80d27e550b3736b71aa9ab2e977e5715deba9acf5b9abab134dc6178b97f1a,471,500,1554,iteration_limit,"stopped at this engine's own ceiling of 1000000 iterations, no iteration_limit having been set",201737817.16498795,201737940.0,122.8350120484829,6.088840405948573e-07,0,0.04598171386987815,0.1034435086381027,66658689.86678311,2.0013058424560536e-06,1.6753261122129366e-06,0.3304223809077273,0,0,0,0,,,0,6.14417,6.1195408,1000000,qp-condat-vu,300.0,65eecbc,Windows-AMD64,2026-09-24T00:16:34+00:00,
qscagr7,6f7d5957423ca8b0e17af7fac8f3d29cfc877512aab148db78c1c843d55d3f29,129,140,420,iteration_limit,"stopped at this engine's own ceiling of 1000000 iterations, no iteration_limit having been set",26865948.071739335,26865949.0,0.9282606653869152,3.455156806063003e-08,0,0.00022667176094159913,0.0012286134114294356,2.3304701521992683,3.285097985386448e-08,2.624200230460576e-08,8.674437782061892e-08,0,0,0,0,,,0,3.427696,3.3985487,1000000,qp-condat-vu,300.0,65eecbc,Windows-AMD64,2026-09-24T00:16:34+00:00,
qscfxm1,6ee5617212fee6f47fb5ce65b950b03097a01f62cd93bb90dc5a096cfc8f6fa7,330,457,2589,iteration_limit,"stopped at this engine's own ceiling of 1000000 iterations, no iteration_limit having been set",2998949.9284316516,16882692.0,13883742.071568348,0.8223654184752258,0,37.190126788790046,5.75801398042131,6851202.410266468,0.001960487905594481,0.00032990497143799955,0.6955427870237366,0,0,0,0,,,0,7.644225,7.6152347,1000000,qp-condat-vu,300.0,65eecbc,Windows-AMD64,2026-09-24T00:16:34+00:00,
qscfxm2,032df6e69ec16b33d421fc5136688b122d196de9a206022c33233834f4564092,660,914,5183,iteration_limit,"stopped at this engine's own ceiling of 1000000 iterations, no iteration_limit having been set",2435241.029683664,27776162.0,25340920.970316336,0.9123262231231347,0,44.45616676661225,8.261698927993546,9757019.065187808,0.0022999005014676254,0.0004075488267405413,0.8002633629257943,0,0,0,0,,,0,12.378664,12.348438,1000000,qp-condat-vu,300.0,65eecbc,Windows-AMD64,2026-09-24T00:16:34+00:00,
qscfxm3,0fb68193cb7b45f9b25b6f469d39283ddeb94276e5e075a8743269ac05841695,990,1371,7777,iteration_limit,"stopped at this engine's own ceiling of 1000000 iterations, no iteration_limit having been set",2449069.497138476,30816355.0,28367285.502861522,0.9205269572881518,0,44.72010245114816,8.460493161215581,10210318.648163168,0.0023069730258670662,0.0004083860060698372,0.8065412428287528,0,0,0,0,,,0,16.719212,16.6819941,1000000,qp-condat-vu,300.0,65eecbc,Windows-AMD64,2026-09-24T00:16:34+00:00,
qscorpio,bfa4f58f53cbf400616b94d496e7ceadca955413cb8ceeb69791cee84a58fdc3,388,358,1426,iteration_limit,"stopped at this engine's own ceiling of 1000000 iterations, no iteration_limit having been set",1876.6746493967582,1880.5096,3.8349506032418503,0.0020393145577357595,0,0.0011904009835906552,3.0492382705915588e-05,0.7359820555004717,0.0004446464431864402,1.4769326461736275e-07,0.0003921734946102922,0,0,0,0,,,0,5.280559,5.254743,1000000,qp-condat-vu,300.0,65eecbc,Windows-AMD64,2026-09-24T00:16:34+00:00,
qscrs8,c4468737efd79eafef3899024aae50789a9d66ab481e861a073d8ce473418a6a,490,1169,3182,iteration_limit,"stopped at this engine's own ceiling of 1000000 iterations, no iteration_limit having been set",237.98172696596583,904.56001,666.5782830340343,0.7369088569746016,0,0.9248699393617668,0.16926888512829819,181.4780550684782,0.0034511288866005785,3.190512493855498e-05,0.4326470923822111,0,0,0,0,,,0,9.672842,9.636564,1000000,qp-condat-vu,300.0,65eecbc,Windows-AMD64,2026-09-24T00:16:34+00:00,
qscsd1,cd45e4b1f0ba1c97e86b6206247b5d83da63941ee5d84f677452e2f5ca9c46b1,77,760,2388,optimal,,8.666666617585369,8.6666667,8.241463156366535e-08,9.50938052846377e-09,1,9.642526319075806e-09,8.80276784798184e-09,5.650226242437384e-08,9.642526319075806e-09,1.7605535695963682e-09,6.5194918126145705e-09,1,0,1,0,1,,1,3.224607,3.19773,412150,qp-condat-vu,300.0,65eecbc,Windows-AMD64,2026-09-24T00:16:34+00:00,
qscsd6,a61fd2e3d899fb85cb99e0e768e2b052efb5deefe480c37a13ca25debf090c7b,147,1350,4316,optimal,,50.808213847264305,50.808214,1.5273569431428768e-07,3.0061220871547993e-09,1,4.581926781422414e-09,9.419918178821263e-09,4.1354645929914113e-08,3.9477665396016565e-09,2.1063577413878176e-09,8.139362273307065e-10,1,0,1,0,1,,1,2.383677,2.348869,195850,qp-condat-vu,300.0,65eecbc,Windows-AMD64,2026-09-24T00:16:34+00:00,
qscsd8,7d5a8f4ff5e8f4d3a8de79b5cee97e9fb5f462aba8528eadcb3379efa548ed95,397,2750,8584,iteration_limit,"stopped at this engine's own ceiling of 1000000 iterations, no iteration_limit having been set",940.7635763778648,940.76357,6.377864792739274e-06,6.7794555360378955e-09,0,0.00010984965315179174,0.00012319322017328993,4.320784341871331e-06,4.875936282164177e-06,7.4962729720272096e-06,4.592848246216385e-09,0,0,0,0,,,0,22.254559,22.214748,1000000,qp-condat-vu,300.0,65eecbc,Windows-AMD64,2026-09-24T00:16:34+00:00,
qsctap1,3bbdd5e7f04f206059a2caacbf0d1e78f72b4cdacc1b635309a9c67e9f649891,300,480,1692,iteration_limit,"stopped at this engine's own ceiling of 1000000 iterations, no iteration_limit having been set",1408.730082468686,1415.8611,7.131017531314001,0.0050365233788215525,0,0.01058090342003859,0.00682118800880005,6.428773756735154,0.00011783641377524832,2.479068957888379e-05,0.004542793007621973,0,0,0,0,,,0,6.346997,6.3162819,1000000,qp-condat-vu,300.0,65eecbc,Windows-AMD64,2026-09-24T00:16:34+00:00,
qsctap2,8c60e9ab769d23e71e06d8114cee67226c657e37968d173c7f0cd48121a6ec84,1090,1880,6714,iteration_limit,"stopped at this engine's own ceiling of 1000000 iterations, no iteration_limit having been set",1734.5466798273771,1735.0265,0.4798201726227944,0.0002765491896652843,0,0.03547316659164279,0.015531066703118768,0.42710368919006214,0.0007094630949336469,0.00019413830018388128,0.000246172993072194,0,0,0,0,,,0,16.699979,16.6705999,1000000,qp-condat-vu,300.0,65eecbc,Windows-AMD64,2026-09-24T00:16:34+00:00,
qsctap3,2908dd924ac83c4669140781526abaf5b2d4d2683f24cbe910f8dfd28bb1bbe0,1480,2480,8874,iteration_limit,"stopped at this engine's own ceiling of 1000000 iterations, no iteration_limit having been set",1438.8119693200063,1438.7547,0.057269320006298585,3.9804783960948025e-05,0,0.007309532725544576,0.0027077076442854064,0.4984835977413695,0.0001461905071394838,3.0083405886741263e-05,0.0003464549978528158,0,0,0,0,,,0,21.03347,20.9960096,1000000,qp-condat-vu,300.0,65eecbc,Windows-AMD64,2026-09-24T00:16:34+00:00,
qseba,1471792d39921d2f394182651c967627aa844c623155a7aac8345331692b9e89,515,1028,4352,iteration_limit,"stopped at this engine's own ceiling of 1000000 iterations, no iteration_limit having been set",55854.75528495092,81481801.0,81425946.24471505,0.9993145125095486,0,39.5710356586399,9.208621188420523,1309124.103099158,0.0183425509665559,0.001000574509764479,0.9590801315772225,0,0,0,0,,,0,10.867163,10.8238732,1000000,qp-condat-vu,300.0,65eecbc,Windows-AMD64,2026-09-24T00:16:34+00:00,
qshare1b,7b7dda1b4c80ebeaad405e4cb2b48c8ad30367d421e1f03e7276188d6b261933,117,225,1151,iteration_limit,"stopped at this engine's own ceiling of 1000000 iterations, no iteration_limit having been set",819303.225559222,720078.32,99224.9055592221,0.137797379539523,0,143.36012258114204,260.39482509769056,52840595.63169722,0.0017057071561537862,0.004359226958074561,0.9847315547921793,0,0,0,0,,,0,4.30629,4.278128,1000000,qp-condat-vu,300.0,65eecbc,Windows-AMD64,2026-09-24T00:16:34+00:00,
qshare2b,5b4f7d38e8b235588c23e3d93ae696c3a02dd2700f2860653d48eafc93dfcd5c,96,79,694,iteration_limit,"stopped at this engine's own ceiling of 1000000 iterations, no iteration_limit having been set",7637.290698268592,11703.692,4066.4013017314073,0.3474460282901676,0,0.9126812976239425,0.0482503276666115,889.6559829479156,0.010146103139199591,4.2056743176158036e-05,0.10433464828713948,0,0,0,0,,,0,3.495901,3.4609614,1000000,qp-condat-vu,300.0,65eecbc,Windows-AMD64,2026-09-24T00:16:34+00:00,
qshell,256e1e808adcf27175ea87b35acd6f63b940508666a956b0b7d46ace97fd3c7d,536,1775,3556,iteration_limit,"stopped at this engine's own ceiling of 1000000 iterations, no iteration_limit having been set",1572636848595.53,1572636800000.0,48595.530029296875,3.090066951841447e-08,0,0.009353514436043042,1.1810150872042868,23121.39208984375,3.290015627158719e-08,1.4780896903273866e-07,1.470230827323858e-08,0,0,0,0,,,0,74.179037,74.1295008,1000000,qp-condat-vu,300.0,65eecbc,Windows-AMD64,2026-09-24T00:16:34+00:00,
qship04l,e594bcc1f9d63a9e28c231b91f272da9cac1baae6e188f6f9e834ae26aa2568a,402,2118,6332,iteration_limit,"stopped at this engine's own ceiling of 1000000 iterations, no iteration_limit having been set",2393244.661273881,2420015.5,26770.83872611914,0.011062259198802295,0,0.184486,7.434592953359243e-05,17356.02807974443,0.0014641732849664502,9.033834482723961e-09,0.007199876842480389,0,0,0,0,,,0,13.773828,13.7422151,1000000,qp-condat-vu,300.0,65eecbc,Windows-AMD64,2026-09-24T00:16:34+00:00,
qship04s,219ea5310b164982a99d48ed2ec88b72985c10bab5a355e91329c963686cdb2f,402,1458,4352,iteration_limit,"stopped at this engine's own ceiling of 1000000 iterations, no iteration_limit having been set",2419765.3947392297,2424993.7,5228.3052607704885,0.0021560077705647185,0,0.138365,3.033647772099357e-06,3131.9993226961233,0.0010981348527156277,3.6736180497683086e-10,0.0012926669244731853,0,0,0,0,,,0,9.743874,9.7106225,1000000,qp-condat-vu,300.0,65eecbc,Windows-AMD64,2026-09-24T00:16:34+00:00,
qship08l,12c3b595401cfc6083a207fbfa9aa91360598c2e745c8edde246f779eb6b7a98,778,4283,12802,iteration_limit,"stopped at this engine's own ceiling of 1000000 iterations, no iteration_limit having been set",2321123.856788019,2376040.6,54916.74321198091,0.023112712473002738,0,0.158013,0.02366540259180283,38029.44620504789,0.00125406670096565,2.9176923427201123e-06,0.016119955475890346,0,0,0,0,,,0,81.994586,81.9433167,1000000,qp-condat-vu,300.0,65eecbc,Windows-AMD64,2026-09-24T00:16:34+00:00,
qship08s,a666c5e19e83bb7b1039a48318d88fb738e4ad3d635e8677d06192b82a1c4771,778,2387,7114,iteration_limit,"stopped at this engine's own ceiling of 1000000 iterations, no iteration_limit having been set",2373296.3409270626,2385728.9,12432.55907293735,0.005211220383396182,0,0.158013,0.0010447282171668348,4633.459037157241,0.0012540706951857628,1.288038734023961e-07,0.0019485264187475003,0,0,0,0,,,0,32.559608,32.5243549,1000000,qp-condat-vu,300.0,65eecbc,Windows-AMD64,2026-09-24T00:16:34+00:00,
qship12l,28b6cb352828b682150257a89615d268f2b30ae80ca15bbf7e9bbfb38c1607fc,1151,5427,16170,iteration_limit,"stopped at this engine's own ceiling of 1000000 iterations, no iteration_limit having been set",2833919.917672334,3018876.6,184956.68232766632,0.06126672495578862,0,0.7453450637771533,0.006474497038936988,64833.14238266647,0.010142452487940825,7.072059162993027e-07,0.022365872856184698,0,0,0,0,,,0,131.490216,131.431726,1000000,qp-condat-vu,300.0,65eecbc,Windows-AMD64,2026-09-24T00:16:34+00:00,
qship12s,01869f9a7350fdee48fd37f754a786b348be31ffd8ab133b380d9a9926655134,1151,2763,8178,iteration_limit,"stopped at this engine's own ceiling of 1000000 iterations, no iteration_limit having been set",2921606.906216732,3056962.3,135355.3937832676,0.044277743884269555,0,0.7587647747736361,0.00021583815879466783,31180.766799818724,0.010216320343703818,2.2517945548968587e-08,0.01055977274788762,0,0,0,0,,,0,43.001728,42.960792,1000000,qp-condat-vu,300.0,65eecbc,Windows-AMD64,2026-09-24T00:16:34+00:00,
qsierra,cf01953680e0151f47817e43f65ef28dd827d245f1e4fddc815e6a0fd5174dd1,1227,2036,7302,iteration_limit,"stopped at this engine's own ceiling of 1000000 iterations, no iteration_limit having been set",4854051.362834482,23750458.0,18896406.637165517,0.7956228312382657,0,1157.7603563589805,0.0,274781211.2093217,0.011580137857264836,0.0,1.0179828193857745,0,0,0,0,,,0,15.331326,15.2949297,1000000,qp-condat-vu,300.0,65eecbc,Windows-AMD64,2026-09-24T00:16:34+00:00,
qstair,3ddbeb67b08eb0b5ab73ddf976ebcaa3d8b2a07da75272bd8ffcf06e86ac5ffb,356,467,3856,iteration_limit,"stopped at this engine's own ceiling of 1000000 iterations, no iteration_limit having been set",7965254.060777483,7985452.8,20198.739222517237,0.0025294419400384207,0,0.23715302185162992,1.2194788608465697e-05,9728.374074070714,0.0009089808844374028,2.0125106281674018e-10,0.001219861504842527,0,0,0,0,,,0,9.55091,9.521723,1000000,qp-condat-vu,300.0,65eecbc,Windows-AMD64,2026-09-24T00:16:34+00:00,
qstandat,289f34fe700e68dd14db6c3ccf4ff835d9eac1dedf7b330bf7866f85eb612fa7,359,1075,3031,iteration_limit,"stopped at this engine's own ceiling of 1000000 iterations, no iteration_limit having been set",6403.476297342597,6411.8384,8.36210265740283,0.0013041661588668282,0,0.28991611739961076,0.0862679606198542,96.38804377749784,0.00029492179264599384,3.514555460660081e-05,0.014829239306998776,0,0,0,0,,,0,9.57269,9.5458631,1000000,qp-condat-vu,300.0,65eecbc,Windows-AMD64,2026-09-24T00:16:34+00:00,
s268,d25c14fa9417baeb48cf3d68f24551ed02d0d76de3712a061d47a9101d5de856,5,5,25,iteration_limit,"stopped at this engine's own ceiling of 1000000 iterations, no iteration_limit having been set",0.011059869184464333,5.7310705e-07,0.011059296077414333,0.011059296077414333,0,0.0,0.02802232640978275,0.15998079914788832,0.0,8.194141882502704e-07,0.15998079914788832,0,0,0,0,,,0,2.441456,2.4137868,1000000,qp-condat-vu,300.0,65eecbc,Windows-AMD64,2026-09-24T00:16:34+00:00,
stadat1,fb3be6eb766a90caf69aab2cc1aaab5ae00eaa1fea9cca5610964ee76fc352dc,3999,2001,9997,iteration_limit,"stopped at this engine's own ceiling of 1000000 iterations, no iteration_limit having been set",-10183355.172047773,-28526864.0,18343508.82795223,0.643025774860925,0,1.273728338885121,4.625742154312661,8864362.158550803,0.001225601390445331,0.00033431486309676674,0.8704755955956994,0,0,0,0,,,0,34.346398,34.3094119,1000000,qp-condat-vu,300.0,65eecbc,Windows-AMD64,2026-09-24T00:16:34+00:00,
stadat2,c50c6ac0c2a015245660e125b2b4ebdea94ac93069b304cc32acc33507c7aac1,3999,2001,9997,iteration_limit,"stopped at this engine's own ceiling of 1000000 iterations, no iteration_limit having been set",-12.530473833864416,-32.626665,20.096191166135586,0.615943773785509,0,0.0025943393916350033,0.01657210371252403,10.758317498485724,0.00010809734520905643,0.01657210371252403,0.8585722807553112,0,0,0,0,,,0,28.368191,28.3283823,1000000,qp-condat-vu,300.0,65eecbc,Windows-AMD64,2026-09-24T00:16:34+00:00,
stadat3,647c4b81834966937eb5a1e5dfdb7d7fc4959636ae3c9836e6f6094c4d5bf516,7999,4001,19997,iteration_limit,"stopped at this engine's own ceiling of 1000000 iterations, no iteration_limit having been set",-3.8611223565079236,-35.779453,31.918330643492073,0.8920854839086577,0,0.002091987267959894,0.009994164326676321,3.7571388095752662,0.0004312826213307231,0.009994164326676321,0.9730690878631721,0,0,0,0,,,0,53.526348,53.4743836,1000000,qp-condat-vu,300.0,65eecbc,Windows-AMD64,2026-09-24T00:16:34+00:00,
stcqp1,e28066a2eb935145efdfd10193451c706d588d1f649efa6738a7778dd7071661,2052,4097,13338,optimal,,155143.5547032547,155143.56,0.005296745308442041,3.414092926862089e-08,1,9.710329651468896e-09,0.0,320917.771583269,8.091941376223829e-10,0.0,1.935872644269813,0,0,0,0,0,"[FAIL] complementary slackness     worst |multiplier| * slack = 7.707e+02 on C-----88; [FAIL] strong duality              primal 1.551435547033e+05  dual -1.657742168800e+05  gap 3.209e+05 (relative 2.069e+00), 1.070e+05 of it from per-item violations accepted above",0,1.377429,1.326699,17500,qp-condat-vu,300.0,65eecbc,Windows-AMD64,2026-09-24T00:16:34+00:00,
stcqp2,ce8f1f486f0503b977a01bf1141417c44825f3b53c0e1369ebfd95f44f559d62,2052,4097,13338,optimal,,22327.313262163876,22327.313,0.0002621638777782209,1.1741846310759425e-08,1,9.955234414604774e-09,0.0,12280.425430817919,8.296028678581433e-10,0.0,0.5500180557608036,0,0,0,0,0,"[FAIL] complementary slackness     worst |multiplier| * slack = 2.459e+02 on C----146; [FAIL] strong duality              primal 2.232731326216e+04  dual 1.004688783135e+04  gap 1.228e+04 (relative 5.500e-01), 4.093e+03 of it from per-item violations accepted above",0,11.908974,11.8546809,157750,qp-condat-vu,300.0,65eecbc,Windows-AMD64,2026-09-24T00:16:34+00:00,
tame,1e688c7bcd8e73879463278b9d93d00bf5eecb0acd172aa8a97df4cbe2b5904e,1,2,2,optimal,,0.0,0.0,0.0,0.0,1,3.277571547499747e-10,7.867947404704978e-10,7.867947404704978e-10,3.277571547499747e-10,7.867947404704978e-10,7.867947404704978e-10,1,1,1,1,1,,1,0.018213,0.0005851,200,qp-condat-vu,300.0,65eecbc,Windows-AMD64,2026-09-24T00:16:34+00:00,
ubh1,5bf03bf108b6470b59fe5c444876793535827fd21e36018c5bb00494255a90c0,12000,18009,48000,iteration_limit,"stopped at this engine's own ceiling of 1000000 iterations, no iteration_limit having been set",28.148092172931957,1.1160008,27.03209137293196,24.22228673396288,0,1.6904026898661995e-06,0.0003034722427966239,31.543817088737928,1.596944967412174e-09,0.00016438313633272055,0.528443761958761,0,0,0,0,,,0,146.311475,146.2238123,1000000,qp-condat-vu,300.0,65eecbc,Windows-AMD64,2026-09-24T00:16:34+00:00,
values,e0107957abb7529fbee8b288fb702bd83c6df35a309d3e3b55d344f0f86a5589,1,202,202,model_error,"the quadratic objective is not convex: sparse LDL^T reached -0.000120305 at column 196 (a96) in minimization sense; that exhibits a direction in which the objective curves downward, so the model is no",0.0,-1.3966211,1.3966211,1.0,0,,,,,,,0,0,0,0,,,0,0.027246,0.0005246,0,qp-condat-vu,300.0,65eecbc,Windows-AMD64,2026-09-24T00:16:34+00:00,
yao,e84d46d76d1bb652cd009625d81f152abe8100a516e206f2d04342a464976a53,2000,2002,6000,iteration_limit,"stopped at this engine's own ceiling of 1000000 iterations, no iteration_limit having been set",4.672266627287911,197.70426,193.0319933727121,0.9763673952838047,0,0.0005713492240647655,5.746688921393073e-07,2.069257104942267,0.0005713492240647655,4.838225194762042e-08,0.3069420485831133,0,0,0,0,,,0,20.695988,20.6574015,1000000,qp-condat-vu,300.0,65eecbc,Windows-AMD64,2026-09-24T00:16:34+00:00,
zecevic2,1091fb5c12c4f10718d6fbab35bb8ec701648a289d14977bcb98aa88f02eab01,2,2,4,optimal,,-4.125000007119249,-4.125,7.119249190168375e-09,1.7258785915559697e-09,1,3.5596245950841876e-09,0.0,3.1570106528988617e-09,1.2944089415972635e-09,0.0,7.653359145333927e-10,1,0,1,0,1,,1,0.026706,0.0022532,900,qp-condat-vu,300.0,65eecbc,Windows-AMD64,2026-09-24T00:16:34+00:00,
