instance,instance_sha256,rows,columns,nonzeros,integer_columns,status,message,our_objective,published_objective,dual_bound,absolute_gap,relative_gap,matched_published,proved_optimal,independently_verified,nodes,cuts_applied,cut_filter,root_bound,root_bound_after_cuts,root_gap_closed,wall_seconds,solver_seconds,git_commit,machine,timestamp_utc,solver_options,threads,restarts,reduced_cost_fixings,seed,permuted_sha256,time_to_first_feasible,primal_integral,incumbents,incumbent_trace_recorded,certificate,certificate_check_seconds,certificate_bytes,certificate_dual_leaves,certificate_batch_leaves,branching_seconds,batch_strong_branching_seconds,batch_node_bounds_seconds
b-ball,67c5cb2dc43704d11f456537f6a951cb8d5bfb6d74c90fb1827a3bc34abf3586,30,100,209,88,optimal,,-1.5000000000000002,-1.50000000000001,-1.5000000000000002,0.0,0.0,1,1,1,1,12,"gomory 17: 13 accepted, 4 duplicate",-1.8181818181818181,-1.5000000000000002,1.0000,2.502581,0.2344144,4797f7ec,"unknown; Intel64 Family 6 Model 140 Stepping 1, GenuineIntel; 8 cores; unknown RAM; Windows-AMD64",2026-09-30T10:02:14+00:00,node_limit=10000 root_cut_loop=true,1,0,0,0,,0.224025,0.224025,1,1,,,,,,,,
b-ball,67c5cb2dc43704d11f456537f6a951cb8d5bfb6d74c90fb1827a3bc34abf3586,30,100,209,88,feasible,"stopped at the node limit of 10000 after 10000 nodes, 82.34s",-1.5000000000000002,-1.50000000000001,-1.5696780735791958,0.06967807357919553,0.04645204905279701,1,0,1,10000,44,"gomory 17: 13 accepted, 4 duplicate",-1.8181818181818183,-1.5696780735791958,0.7810,82.836662,82.3451392,4797f7ec,"unknown; Intel64 Family 6 Model 140 Stepping 1, GenuineIntel; 8 cores; unknown RAM; Windows-AMD64",2026-09-30T10:02:14+00:00,node_limit=10000 root_cut_loop=true,1,0,0,1,e4a176f9e4ce895ec78eb7805e17bb29f52a5b6252be0bedcb0448f99d0ef8e9,6.442004,6.442004,1,1,,,,,,,,
b-ball,67c5cb2dc43704d11f456537f6a951cb8d5bfb6d74c90fb1827a3bc34abf3586,30,100,209,88,feasible,"stopped at the node limit of 10000 after 10000 nodes, 200.69s",-1.5,-1.50000000000001,-1.5329097996166214,0.03290979961662144,0.02193986641108096,1,0,1,10000,50,"gomory 22: 14 accepted, 8 too_dense",-1.8181818181818183,-1.5329097996166214,0.8966,201.453959,200.7061407,4797f7ec,"unknown; Intel64 Family 6 Model 140 Stepping 1, GenuineIntel; 8 cores; unknown RAM; Windows-AMD64",2026-09-30T10:02:14+00:00,node_limit=10000 root_cut_loop=true,1,0,0,2,c7d69f935e61ebcfb326c90b8f9630d75ae36e7c3332d82c743274088771b739,2.176706,2.176706,1,1,,,,,,,,
ej,8a427d75008db853496fc29759c11bb77fddd5e0a0934601710f95a0a1935b00,1,3,3,3,node_limit,"stopped at the node limit of 10000 after 10000 nodes, 64.19s; no feasible point had been found when the limit stopped the search, so none is reported (the objective is the worst representable value, not a solution)",inf,25508.0,2.0,inf,inf,0,0,,10000,1,gomory 1: 1 accepted; mir 2: 2 too_dense; zero_half 2: 2 too_dense,1.0,1.607919239439379,,64.566271,64.1882229,4797f7ec,"unknown; Intel64 Family 6 Model 140 Stepping 1, GenuineIntel; 8 cores; unknown RAM; Windows-AMD64",2026-09-30T10:02:14+00:00,node_limit=10000 root_cut_loop=true,1,0,0,0,,,64.188223,0,0,,,,,,,,
ej,8a427d75008db853496fc29759c11bb77fddd5e0a0934601710f95a0a1935b00,1,3,3,3,node_limit,"stopped at the node limit of 10000 after 10000 nodes, 40.53s; no feasible point had been found when the limit stopped the search, so none is reported (the objective is the worst representable value, not a solution)",inf,25508.0,2.0,inf,inf,0,0,,10000,1,gomory 1: 1 accepted; mir 2: 2 too_dense; zero_half 2: 2 too_dense,1.0,1.607919239439379,,43.946514,40.5259377,4797f7ec,"unknown; Intel64 Family 6 Model 140 Stepping 1, GenuineIntel; 8 cores; unknown RAM; Windows-AMD64",2026-09-30T10:02:14+00:00,node_limit=10000 root_cut_loop=true,1,0,0,1,f6b4864213959b25588116736e305dfc0f81783c4c7408133e1b7b2044ef8789,,40.525938,0,0,,,,,,,,
ej,8a427d75008db853496fc29759c11bb77fddd5e0a0934601710f95a0a1935b00,1,3,3,3,node_limit,"stopped at the node limit of 10000 after 10000 nodes, 43.50s; no feasible point had been found when the limit stopped the search, so none is reported (the objective is the worst representable value, not a solution)",inf,25508.0,2.0,inf,inf,0,0,,10000,1,gomory 1: 1 accepted; mir 2: 2 too_dense; zero_half 2: 2 too_dense,1.0,1.607919239439379,,65.029751,43.4988822,4797f7ec,"unknown; Intel64 Family 6 Model 140 Stepping 1, GenuineIntel; 8 cores; unknown RAM; Windows-AMD64",2026-09-30T10:02:14+00:00,node_limit=10000 root_cut_loop=true,1,0,0,2,f6b4864213959b25588116736e305dfc0f81783c4c7408133e1b7b2044ef8789,,43.498882,0,0,,,,,,,,
enlight8,012d661241f3ef70a7ae28d89408a030ed0b7c538ccbd1e0d820af49fd7397a3,64,128,352,128,node_limit,"stopped at the node limit of 10000 after 10000 nodes, 166.74s; no feasible point had been found when the limit stopped the search, so none is reported (the objective is the worst representable value, not a solution)",inf,27.0,15.0,inf,inf,0,0,,10000,100,gomory 2: 2 accepted; mir 4: 4 accepted; zero_half 8: 8 accepted,1.0000000000000004,4.999999999999998,,167.079292,166.7514591,4797f7ec,"unknown; Intel64 Family 6 Model 140 Stepping 1, GenuineIntel; 8 cores; unknown RAM; Windows-AMD64",2026-09-30T10:02:14+00:00,node_limit=10000 root_cut_loop=true,1,0,0,0,,,166.751459,0,0,,,,,,,,
enlight8,012d661241f3ef70a7ae28d89408a030ed0b7c538ccbd1e0d820af49fd7397a3,64,128,352,128,node_limit,"stopped at the node limit of 10000 after 10000 nodes, 191.68s; no feasible point had been found when the limit stopped the search, so none is reported (the objective is the worst representable value, not a solution)",inf,27.0,15.0,inf,inf,0,0,,10000,100,gomory 2: 2 accepted; mir 4: 4 accepted; zero_half 8: 8 accepted,1.0000000000000004,4.166666666666667,,192.261364,191.7030656,4797f7ec,"unknown; Intel64 Family 6 Model 140 Stepping 1, GenuineIntel; 8 cores; unknown RAM; Windows-AMD64",2026-09-30T10:02:14+00:00,node_limit=10000 root_cut_loop=true,1,0,0,1,ca34eb0c8da8a9d2f7a012cd7a7bc74b07f259b20324353dbd9bed26508e7fb5,,191.703066,0,0,,,,,,,,
enlight8,012d661241f3ef70a7ae28d89408a030ed0b7c538ccbd1e0d820af49fd7397a3,64,128,352,128,node_limit,"stopped at the node limit of 10000 after 10000 nodes, 114.02s; no feasible point had been found when the limit stopped the search, so none is reported (the objective is the worst representable value, not a solution)",inf,27.0,13.0,inf,inf,0,0,,10000,100,gomory 2: 2 accepted; mir 4: 4 accepted; zero_half 8: 8 accepted,1.0000000000000004,3.5555555555555567,,114.419300,114.0220212,4797f7ec,"unknown; Intel64 Family 6 Model 140 Stepping 1, GenuineIntel; 8 cores; unknown RAM; Windows-AMD64",2026-09-30T10:02:14+00:00,node_limit=10000 root_cut_loop=true,1,0,0,2,8508b6e6c9dbe0141a258c653485ad11a5da24eb1c4e604182898854e6e8f600,,114.022021,0,0,,,,,,,,
enlight_hard,942168c2126a2a91ae3ec1ededea59bc1af0cad55f94223edf4c03d20e831f66,100,200,560,200,node_limit,"stopped at the node limit of 10000 after 10000 nodes, 126.29s; no feasible point had been found when the limit stopped the search, so none is reported (the objective is the worst representable value, not a solution)",inf,37.0,24.0,inf,inf,0,0,,10000,100,"gomory 43: 35 accepted, 8 duplicate; mir 60: 60 accepted; zero_half 231: 231 accepted",15.500000000000002,18.261464508958646,,127.474176,126.3254016,4797f7ec,"unknown; Intel64 Family 6 Model 140 Stepping 1, GenuineIntel; 8 cores; unknown RAM; Windows-AMD64",2026-09-30T10:02:14+00:00,node_limit=10000 root_cut_loop=true,1,0,0,0,,,126.325402,0,0,,,,,,,,
enlight_hard,942168c2126a2a91ae3ec1ededea59bc1af0cad55f94223edf4c03d20e831f66,100,200,560,200,node_limit,"stopped at the node limit of 10000 after 10000 nodes, 135.49s; no feasible point had been found when the limit stopped the search, so none is reported (the objective is the worst representable value, not a solution)",inf,37.0,21.0,inf,inf,0,0,,10000,100,"gomory 44: 36 accepted, 8 duplicate; mir 60: 60 accepted; zero_half 184: 184 accepted",15.500000000000002,18.935763198586265,,135.837621,135.5143953,4797f7ec,"unknown; Intel64 Family 6 Model 140 Stepping 1, GenuineIntel; 8 cores; unknown RAM; Windows-AMD64",2026-09-30T10:02:14+00:00,node_limit=10000 root_cut_loop=true,1,0,0,1,c763ce931eea52495c6f6486080d3ab1879ba8f65f783e619824f59f2c9ee6e9,,135.514395,0,0,,,,,,,,
enlight_hard,942168c2126a2a91ae3ec1ededea59bc1af0cad55f94223edf4c03d20e831f66,100,200,560,200,node_limit,"stopped at the node limit of 10000 after 10000 nodes, 91.61s; no feasible point had been found when the limit stopped the search, so none is reported (the objective is the worst representable value, not a solution)",inf,37.0,21.0,inf,inf,0,0,,10000,100,"gomory 43: 35 accepted, 8 duplicate; mir 60: 60 accepted; zero_half 213: 213 accepted",15.5,18.101425438596497,,91.794572,91.6213876,4797f7ec,"unknown; Intel64 Family 6 Model 140 Stepping 1, GenuineIntel; 8 cores; unknown RAM; Windows-AMD64",2026-09-30T10:02:14+00:00,node_limit=10000 root_cut_loop=true,1,0,0,2,641ae95917822d738ee3b6d132cda4a0504950a52763da2340da40948e467146,,91.621388,0,0,,,,,,,,
f2gap40400,f592e8d127e1f3c5d36d65b05ddcb88ad5bf34d23de7e22941fd050221314a74,40,400,800,400,optimal,,20772.0,20771.99999999983,20772.0,0.0,0.0,1,1,1,1,48,"gomory 34: 26 accepted, 8 too_dense; mir 31: 18 accepted, 13 duplicate",20650.89815396325,20772.0,1.0000,14.697746,14.5285787,4797f7ec,"unknown; Intel64 Family 6 Model 140 Stepping 1, GenuineIntel; 8 cores; unknown RAM; Windows-AMD64",2026-09-30T10:02:14+00:00,node_limit=10000 root_cut_loop=true,1,0,0,0,,14.521523,14.521523,1,1,,,,,,,,
f2gap40400,f592e8d127e1f3c5d36d65b05ddcb88ad5bf34d23de7e22941fd050221314a74,40,400,800,400,optimal,,20772.0,20771.99999999983,20772.0,0.0,0.0,1,1,1,1,48,"gomory 34: 26 accepted, 8 too_dense; mir 31: 18 accepted, 13 duplicate",20650.89815396325,20772.0,1.0000,8.523684,8.377836,4797f7ec,"unknown; Intel64 Family 6 Model 140 Stepping 1, GenuineIntel; 8 cores; unknown RAM; Windows-AMD64",2026-09-30T10:02:14+00:00,node_limit=10000 root_cut_loop=true,1,0,0,1,498397fa2fb8c0835c0366aaa283abc136dcefaa88d5d7999ffc061ca9b97b14,8.378440,8.378440,1,1,,,,,,,,
f2gap40400,f592e8d127e1f3c5d36d65b05ddcb88ad5bf34d23de7e22941fd050221314a74,40,400,800,400,optimal,,20772.0,20771.99999999983,20772.0,0.0,0.0,1,1,1,1,48,"gomory 34: 26 accepted, 8 too_dense; mir 31: 18 accepted, 13 duplicate",20650.89815396325,20772.0,1.0000,2.317788,2.1932672,4797f7ec,"unknown; Intel64 Family 6 Model 140 Stepping 1, GenuineIntel; 8 cores; unknown RAM; Windows-AMD64",2026-09-30T10:02:14+00:00,node_limit=10000 root_cut_loop=true,1,0,0,2,8f6cfa4d3c14cdb163ef61a2241a67df6a6464cf647832bc16ff0cb92eefd494,2.193928,2.193928,1,1,,,,,,,,
flugpl,d0b817caf496c95336f64815a740d6a54db1e37924785fcfd3c5da3ee6a15640,18,18,46,11,optimal,"optimal within the relative gap target (8.556e+01 absolute, 8.230e-05 relative) after 811 nodes; the bound is the best open node's, the tree was not exhausted",1201500.0,1201500.0,1201414.444444444,85.55555555596948,7.120728718765666e-05,1,1,1,811,4,"gomory 10: 5 accepted, 5 too_dense; mir 2: 2 duplicate",1167185.7255923203,1170698.4996946934,0.1024,4.723014,4.3656863,4797f7ec,"unknown; Intel64 Family 6 Model 140 Stepping 1, GenuineIntel; 8 cores; unknown RAM; Windows-AMD64",2026-09-30T10:02:14+00:00,node_limit=10000 root_cut_loop=true,1,0,0,0,,3.392631,3.392631,2,1,,,,,,,,
flugpl,d0b817caf496c95336f64815a740d6a54db1e37924785fcfd3c5da3ee6a15640,18,18,46,11,optimal,"optimal within the relative gap target (4.444e+01 absolute, 4.276e-05 relative) after 828 nodes; the bound is the best open node's, the tree was not exhausted",1201499.9999999995,1201500.0,1201455.555555555,44.444444444496185,3.699079853890654e-05,1,1,1,828,4,"gomory 10: 5 accepted, 5 too_dense; mir 2: 2 duplicate",1167185.7255923203,1170698.4996946934,0.1024,1.228180,1.1121894,4797f7ec,"unknown; Intel64 Family 6 Model 140 Stepping 1, GenuineIntel; 8 cores; unknown RAM; Windows-AMD64",2026-09-30T10:02:14+00:00,node_limit=10000 root_cut_loop=true,1,0,0,1,cc14903e41792ed07d839de6c8a92283d95c96b8aa4264204fb35747619ce36d,1.056556,1.056556,2,1,,,,,,,,
flugpl,d0b817caf496c95336f64815a740d6a54db1e37924785fcfd3c5da3ee6a15640,18,18,46,11,optimal,"optimal within the relative gap target (4.050e+01 absolute, 3.896e-05 relative) after 989 nodes; the bound is the best open node's, the tree was not exhausted",1201499.9999999998,1201500.0,1201459.4999999998,40.5,3.370786516853933e-05,1,1,1,989,4,"gomory 10: 5 accepted, 5 too_dense; mir 2: 2 duplicate",1167185.7255923203,1170698.4996946934,0.1024,4.101274,4.0019873,4797f7ec,"unknown; Intel64 Family 6 Model 140 Stepping 1, GenuineIntel; 8 cores; unknown RAM; Windows-AMD64",2026-09-30T10:02:14+00:00,node_limit=10000 root_cut_loop=true,1,0,0,2,2b8bf0ef30f7c3684190959a06ce7ea03fdbb16a13fa532ced109415fa6d9de4,3.918018,3.918018,2,1,,,,,,,,
gen-ip016,ba1599099bccf0cf78cbc7e4c181f03a3af877b1ba596dac67ad296c81220bee,24,28,672,28,feasible,"stopped at the node limit of 10000 after 10000 nodes, 66.62s",-9431.404045408,-9476.155197,-9502.56858186971,71.16453646170885,0.007545486983601102,0,0,1,10000,3,"gomory 19: 8 accepted, 11 too_dense",-9505.628172760296,-9505.456908619983,0.0023,66.800825,66.6207584,4797f7ec,"unknown; Intel64 Family 6 Model 140 Stepping 1, GenuineIntel; 8 cores; unknown RAM; Windows-AMD64",2026-09-30T10:02:14+00:00,node_limit=10000 root_cut_loop=true,1,0,0,0,,1.652288,2.058412,9,1,,,,,,,,
gen-ip016,ba1599099bccf0cf78cbc7e4c181f03a3af877b1ba596dac67ad296c81220bee,24,28,672,28,feasible,"stopped at the node limit of 10000 after 10000 nodes, 116.87s",-9431.404045408,-9476.155197,-9502.568581869707,71.16453646170703,0.00754548698360091,0,0,1,10000,3,"gomory 19: 8 accepted, 11 too_dense",-9505.628172760296,-9505.456908619986,0.0023,117.011913,116.8658786,4797f7ec,"unknown; Intel64 Family 6 Model 140 Stepping 1, GenuineIntel; 8 cores; unknown RAM; Windows-AMD64",2026-09-30T10:02:14+00:00,node_limit=10000 root_cut_loop=true,1,0,0,1,3a945a2472ba1bc2b713c4a5a032b645253fe8802356e938c75ef271fd96bcd4,5.569117,6.402556,9,1,,,,,,,,
gen-ip016,ba1599099bccf0cf78cbc7e4c181f03a3af877b1ba596dac67ad296c81220bee,24,28,672,28,feasible,"stopped at the node limit of 10000 after 10000 nodes, 65.68s",-9431.404045408,-9476.155197,-9502.568581869707,71.16453646170703,0.00754548698360091,0,0,1,10000,3,"gomory 19: 8 accepted, 11 too_dense",-9505.628172760296,-9505.45690861998,0.0023,65.885404,65.6929382,4797f7ec,"unknown; Intel64 Family 6 Model 140 Stepping 1, GenuineIntel; 8 cores; unknown RAM; Windows-AMD64",2026-09-30T10:02:14+00:00,node_limit=10000 root_cut_loop=true,1,0,0,2,82f2bf58d7e3329ac5f518ebd760c157064b8cda1c14a3a1bf7a4a40937aa9df,0.156057,0.588110,9,1,,,,,,,,
gen-ip054,b5089ebc97c43bd583fcadf30955b8800861044d632d747c0b7ac73f19b9e6f3,27,30,532,30,feasible,"stopped at the node limit of 10000 after 10000 nodes, 55.81s",6859.0846354899995,6840.96564179,6778.888681012308,80.19595447769188,0.011691932486551515,0,0,1,10000,3,"gomory 15: 11 accepted, 4 too_dense; mir 1: 1 duplicate",6765.209042727767,6766.249839710655,0.0111,56.915058,55.8094713,4797f7ec,"unknown; Intel64 Family 6 Model 140 Stepping 1, GenuineIntel; 8 cores; unknown RAM; Windows-AMD64",2026-09-30T10:02:14+00:00,node_limit=10000 root_cut_loop=true,1,0,0,0,,16.931909,17.321331,11,1,,,,,,,,
gen-ip054,b5089ebc97c43bd583fcadf30955b8800861044d632d747c0b7ac73f19b9e6f3,27,30,532,30,feasible,"stopped at the node limit of 10000 after 10000 nodes, 69.69s",6859.08463549,6840.96564179,6778.888681012309,80.19595447769188,0.011691932486551513,0,0,1,10000,3,"gomory 15: 11 accepted, 4 too_dense; mir 1: 1 duplicate",6765.209042727766,6766.249839710655,0.0111,70.136861,69.7146002,4797f7ec,"unknown; Intel64 Family 6 Model 140 Stepping 1, GenuineIntel; 8 cores; unknown RAM; Windows-AMD64",2026-09-30T10:02:14+00:00,node_limit=10000 root_cut_loop=true,1,0,0,1,a05bfcfe90917083231ff695c360202d87ae41d730c8a4c810d346715f5392df,8.645277,9.039840,11,1,,,,,,,,
gen-ip054,b5089ebc97c43bd583fcadf30955b8800861044d632d747c0b7ac73f19b9e6f3,27,30,532,30,feasible,"stopped at the node limit of 10000 after 10000 nodes, 99.11s",6859.084635490001,6840.96564179,6778.888681012309,80.1959544776928,0.011691932486551645,0,0,1,10000,3,"gomory 15: 11 accepted, 4 too_dense; mir 1: 1 duplicate",6765.209042727767,6766.249839710655,0.0111,99.622738,99.1375951,4797f7ec,"unknown; Intel64 Family 6 Model 140 Stepping 1, GenuineIntel; 8 cores; unknown RAM; Windows-AMD64",2026-09-30T10:02:14+00:00,node_limit=10000 root_cut_loop=true,1,0,0,2,57e5a595597df7087e3778fa046c2d5030030de75d7e67ade103dc909de22cf9,5.376265,5.935972,11,1,,,,,,,,
gr4x6,ecb539938284a6453b8b94f47dfdd88d635e47cfd2977365f7246bb62ed562c7,34,48,96,24,optimal,,202.35,202.3499999999979,202.35,0.0,0.0,1,1,1,20,25,gomory 5: 5 accepted; mir 5: 5 accepted,185.55,193.69022038567493,0.4845,3.992510,3.6894228,4797f7ec,"unknown; Intel64 Family 6 Model 140 Stepping 1, GenuineIntel; 8 cores; unknown RAM; Windows-AMD64",2026-09-30T10:02:14+00:00,node_limit=10000 root_cut_loop=true,1,0,0,0,,2.557966,2.580229,2,1,,,,,,,,
gr4x6,ecb539938284a6453b8b94f47dfdd88d635e47cfd2977365f7246bb62ed562c7,34,48,96,24,optimal,,202.34999999999997,202.3499999999979,202.34999999999997,0.0,0.0,1,1,1,11,47,"gomory 5: 5 accepted; mir 5: 4 accepted, 1 duplicate",185.55,197.9894904458599,0.7404,2.639447,2.3786459,4797f7ec,"unknown; Intel64 Family 6 Model 140 Stepping 1, GenuineIntel; 8 cores; unknown RAM; Windows-AMD64",2026-09-30T10:02:14+00:00,node_limit=10000 root_cut_loop=true,1,0,0,1,31f85aba0a765cc48b64c2b574fee16379d0c75ffcd45861652cccd3a4a251b5,1.654821,1.680336,3,1,,,,,,,,
gr4x6,ecb539938284a6453b8b94f47dfdd88d635e47cfd2977365f7246bb62ed562c7,34,48,96,24,optimal,,202.34999999999997,202.3499999999979,202.34999999999997,0.0,0.0,1,1,1,5,58,gomory 5: 5 accepted; mir 5: 5 accepted,185.54999999999998,200.01205244578918,0.8608,5.509714,5.2747273,4797f7ec,"unknown; Intel64 Family 6 Model 140 Stepping 1, GenuineIntel; 8 cores; unknown RAM; Windows-AMD64",2026-09-30T10:02:14+00:00,node_limit=10000 root_cut_loop=true,1,0,0,2,f0f0ff6e166c8b5a597b824f8c823d121f494a72057103489ea7d3388545a970,3.146807,3.146807,1,1,,,,,,,,
gt2,67e1ac3d5504e6b033cecd78b66091e3b64952a90147613d7c87e9652422a005,29,188,376,188,optimal,,21166.0,21165.99999999978,21166.0,0.0,0.0,1,1,1,155,63,gomory 11: 11 accepted; mir 11: 11 duplicate; zero_half 2: 2 accepted,13460.233074411899,20871.52285394248,0.9618,9.315459,7.7514806,4797f7ec,"unknown; Intel64 Family 6 Model 140 Stepping 1, GenuineIntel; 8 cores; unknown RAM; Windows-AMD64",2026-09-30T10:02:14+00:00,node_limit=10000 root_cut_loop=true,1,0,0,0,,4.251404,4.530587,3,1,,,,,,,,
gt2,67e1ac3d5504e6b033cecd78b66091e3b64952a90147613d7c87e9652422a005,29,188,376,188,optimal,,21166.0,21165.99999999978,21166.0,0.0,0.0,1,1,1,74,64,gomory 11: 11 accepted; mir 11: 11 duplicate; zero_half 2: 2 accepted,13460.233074411897,20871.522853942482,0.9618,2.462385,2.3603879,4797f7ec,"unknown; Intel64 Family 6 Model 140 Stepping 1, GenuineIntel; 8 cores; unknown RAM; Windows-AMD64",2026-09-30T10:02:14+00:00,node_limit=10000 root_cut_loop=true,1,0,0,1,e2391ce9082b80ae47bd611a2ea1778c3b75bca87b47d34be852ba62193d0430,1.517437,1.688511,4,1,,,,,,,,
gt2,67e1ac3d5504e6b033cecd78b66091e3b64952a90147613d7c87e9652422a005,29,188,376,188,optimal,,21166.0,21165.99999999978,21166.0,0.0,0.0,1,1,1,94,72,gomory 11: 11 accepted; mir 11: 11 duplicate; zero_half 2: 2 accepted,13460.2330744119,20871.522853942475,0.9618,2.423470,2.1526338,4797f7ec,"unknown; Intel64 Family 6 Model 140 Stepping 1, GenuineIntel; 8 cores; unknown RAM; Windows-AMD64",2026-09-30T10:02:14+00:00,node_limit=10000 root_cut_loop=true,1,0,0,2,6ec633230d423ad8a435c09d5e7cd4010b161cacc7a0ff9c3091cf9e05c97013,1.445860,1.539350,3,1,,,,,,,,
k16x240b,9419777aed4f6f709363418843c01d447253f8545ab886dda1834c98f82bed71,256,480,960,240,feasible,"stopped at the node limit of 10000 after 10000 nodes, 135.87s",12822.0,11392.99999884458,6856.722201023999,5965.277798976001,0.4652377007468414,0,0,1,10000,122,"gomory 15: 13 accepted, 2 too_dense; mir 15: 15 accepted",3320.7709999999997,5299.422659074888,0.2083,136.189166,135.8831465,4797f7ec,"unknown; Intel64 Family 6 Model 140 Stepping 1, GenuineIntel; 8 cores; unknown RAM; Windows-AMD64",2026-09-30T10:02:14+00:00,node_limit=10000 root_cut_loop=true,1,0,0,0,,2.396654,20.953797,6,1,,,,,,,,
k16x240b,9419777aed4f6f709363418843c01d447253f8545ab886dda1834c98f82bed71,256,480,960,240,feasible,"stopped at the node limit of 10000 after 10000 nodes, 207.83s",13740.0,11392.99999884458,7295.276095585674,6444.723904414326,0.46904831909856814,0,0,1,10000,256,"gomory 15: 13 accepted, 2 too_dense; mir 14: 12 accepted, 2 duplicate",3320.771,6285.995839271409,0.2846,207.981651,207.8406934,4797f7ec,"unknown; Intel64 Family 6 Model 140 Stepping 1, GenuineIntel; 8 cores; unknown RAM; Windows-AMD64",2026-09-30T10:02:14+00:00,node_limit=10000 root_cut_loop=true,1,0,0,1,03052afe31674bc03dcabbbbe955323252a759de453765d72b63e2a303253591,18.962448,62.336814,13,1,,,,,,,,
k16x240b,9419777aed4f6f709363418843c01d447253f8545ab886dda1834c98f82bed71,256,480,960,240,feasible,"stopped at the node limit of 10000 after 10000 nodes, 180.24s",13016.0,11392.99999884458,7111.893596442674,5904.106403557326,0.4536037495050189,0,0,1,10000,256,"gomory 15: 15 accepted; mir 15: 13 accepted, 2 duplicate",3320.771,6069.306528826196,0.2835,182.554924,180.3384845,4797f7ec,"unknown; Intel64 Family 6 Model 140 Stepping 1, GenuineIntel; 8 cores; unknown RAM; Windows-AMD64",2026-09-30T10:02:14+00:00,node_limit=10000 root_cut_loop=true,1,0,0,2,f2e7c4a3b1a03955e0959fa318e89288e2793c13842c000a3d3bdc948ad092c6,12.849823,41.238844,7,1,,,,,,,,
markshare1,83516aa1a1d503f01fcea273586406486623370158a119164bd2ffa3594d4752,6,62,312,50,feasible,"stopped at the node limit of 10000 after 10000 nodes, 13.44s",59.999999999999254,0.9999999999990905,0.0,59.999999999999254,1.0,0,0,1,10000,6,gomory 6: 6 accepted; mir 12: 12 too_dense,0.0,0.0,0.0000,14.085482,13.4429597,4797f7ec,"unknown; Intel64 Family 6 Model 140 Stepping 1, GenuineIntel; 8 cores; unknown RAM; Windows-AMD64",2026-09-30T10:02:14+00:00,node_limit=10000 root_cut_loop=true,1,0,0,0,,4.922976,13.312792,3,1,,,,,,,,
markshare1,83516aa1a1d503f01fcea273586406486623370158a119164bd2ffa3594d4752,6,62,312,50,feasible,"stopped at the node limit of 10000 after 10000 nodes, 122.11s",86.99999999999986,0.9999999999990905,0.0,86.99999999999986,1.0,0,0,1,10000,6,gomory 6: 6 accepted; mir 12: 12 too_dense,0.0,0.0,0.0000,122.596361,122.1062111,4797f7ec,"unknown; Intel64 Family 6 Model 140 Stepping 1, GenuineIntel; 8 cores; unknown RAM; Windows-AMD64",2026-09-30T10:02:14+00:00,node_limit=10000 root_cut_loop=true,1,0,0,1,a2254a348e721b030e918609a88168cae7acaeec282f0fae661cdc8eb74e072a,0.428422,120.797084,7,1,,,,,,,,
markshare1,83516aa1a1d503f01fcea273586406486623370158a119164bd2ffa3594d4752,6,62,312,50,feasible,"stopped at the node limit of 10000 after 10000 nodes, 60.96s",70.99999999999959,0.9999999999990905,0.0,70.99999999999959,1.0,0,0,1,10000,6,gomory 6: 6 accepted; mir 12: 12 too_dense,0.0,0.0,0.0000,61.325818,60.9860566,4797f7ec,"unknown; Intel64 Family 6 Model 140 Stepping 1, GenuineIntel; 8 cores; unknown RAM; Windows-AMD64",2026-09-30T10:02:14+00:00,node_limit=10000 root_cut_loop=true,1,0,0,2,c2c359701ee9d7f083967ab520fe00cc454fcbb49ffa68c1db86318a6f3ee3f8,8.928159,60.315603,7,1,,,,,,,,
markshare_4_0,1a1feb04f5637db9f69be53bd6224fcd9fe5b8d750870d9b2002b535d25f4353,4,34,123,30,feasible,"stopped at the node limit of 10000 after 10000 nodes, 47.01s",15.0,1.0,0.0,15.0,1.0,0,0,1,10000,3,gomory 4: 4 accepted; mir 8: 8 too_dense,0.0,0.0,0.0000,47.758632,47.2673897,4797f7ec,"unknown; Intel64 Family 6 Model 140 Stepping 1, GenuineIntel; 8 cores; unknown RAM; Windows-AMD64",2026-09-30T10:02:14+00:00,node_limit=10000 root_cut_loop=true,1,0,0,0,,3.236373,46.119520,6,1,,,,,,,,
markshare_4_0,1a1feb04f5637db9f69be53bd6224fcd9fe5b8d750870d9b2002b535d25f4353,4,34,123,30,feasible,"stopped at the node limit of 10000 after 10000 nodes, 8.95s",20.00000000000012,1.0,0.0,20.00000000000012,1.0,0,0,1,10000,3,gomory 4: 4 accepted; mir 8: 8 too_dense,0.0,0.0,0.0000,11.804785,8.9480029,4797f7ec,"unknown; Intel64 Family 6 Model 140 Stepping 1, GenuineIntel; 8 cores; unknown RAM; Windows-AMD64",2026-09-30T10:02:14+00:00,node_limit=10000 root_cut_loop=true,1,0,0,1,59577af2b3d0e7b91707a5334d210b6def439f853f238602de4a9dc37659eece,3.149596,8.753337,8,1,,,,,,,,
markshare_4_0,1a1feb04f5637db9f69be53bd6224fcd9fe5b8d750870d9b2002b535d25f4353,4,34,123,30,feasible,"stopped at the node limit of 10000 after 10000 nodes, 12.98s",9.999999999999817,1.0,0.0,9.999999999999817,1.0,0,0,1,10000,3,gomory 4: 4 accepted; mir 8: 8 too_dense,0.0,0.0,0.0000,15.550202,13.0381319,4797f7ec,"unknown; Intel64 Family 6 Model 140 Stepping 1, GenuineIntel; 8 cores; unknown RAM; Windows-AMD64",2026-09-30T10:02:14+00:00,node_limit=10000 root_cut_loop=true,1,0,0,2,98e94db9a95670fe0a7edc81a890a47a41fe6cf52a873a1ee28e5fcf43f326dc,7.671668,12.664982,9,1,,,,,,,,
markshare_5_0,5309e16f917ec25e9f70402a8c039d4595a91c9499f682b1483babfff5f55b4a,5,45,203,40,feasible,"stopped at the node limit of 10000 after 10000 nodes, 18.67s",39.999999999999844,1.0,0.0,39.999999999999844,1.0,0,0,1,10000,5,gomory 5: 5 accepted; mir 10: 10 too_dense,0.0,0.0,0.0000,21.619151,18.6698661,4797f7ec,"unknown; Intel64 Family 6 Model 140 Stepping 1, GenuineIntel; 8 cores; unknown RAM; Windows-AMD64",2026-09-30T10:02:14+00:00,node_limit=10000 root_cut_loop=true,1,0,0,0,,2.131448,18.408889,5,1,,,,,,,,
markshare_5_0,5309e16f917ec25e9f70402a8c039d4595a91c9499f682b1483babfff5f55b4a,5,45,203,40,feasible,"stopped at the node limit of 10000 after 10000 nodes, 117.02s",43.0,1.0,0.0,43.0,1.0,0,0,1,10000,5,gomory 5: 5 accepted; mir 10: 10 too_dense,0.0,0.0,0.0000,119.633837,117.0766892,4797f7ec,"unknown; Intel64 Family 6 Model 140 Stepping 1, GenuineIntel; 8 cores; unknown RAM; Windows-AMD64",2026-09-30T10:02:14+00:00,node_limit=10000 root_cut_loop=true,1,0,0,1,7c981b564d671bb9323500fcca05a0ec79c31c547ee676b2d5f1aaf0467ee5da,5.813558,115.588135,8,1,,,,,,,,
markshare_5_0,5309e16f917ec25e9f70402a8c039d4595a91c9499f682b1483babfff5f55b4a,5,45,203,40,feasible,"stopped at the node limit of 10000 after 10000 nodes, 43.92s",50.99999999999999,1.0,0.0,50.99999999999999,1.0,0,0,1,10000,5,gomory 5: 5 accepted; mir 10: 10 too_dense,0.0,0.0,0.0000,46.459237,43.9221794,4797f7ec,"unknown; Intel64 Family 6 Model 140 Stepping 1, GenuineIntel; 8 cores; unknown RAM; Windows-AMD64",2026-09-30T10:02:14+00:00,node_limit=10000 root_cut_loop=true,1,0,0,2,1ed4cab601207bf845c1e28db62793a7638233749575ecf1fb85ecd8a1298fe0,0.045910,43.226658,4,1,,,,,,,,
neos-1425699,66f7ae93f5715a025ebc2d2ff9b90abdd62b7bd1edefc48307ec38c19d9e722e,89,105,430,85,optimal,,3179698977.0,3179698976.996124,3179698977.0,0.0,0.0,1,1,1,3,0,gomory 2: 2 too_dense,3175561447.5053167,3175561447.5053167,0.0000,1.875894,0.1468324,4797f7ec,"unknown; Intel64 Family 6 Model 140 Stepping 1, GenuineIntel; 8 cores; unknown RAM; Windows-AMD64",2026-09-30T10:02:14+00:00,node_limit=10000 root_cut_loop=true,1,0,0,0,,0.143962,0.144746,2,1,,,,,,,,
neos-1425699,66f7ae93f5715a025ebc2d2ff9b90abdd62b7bd1edefc48307ec38c19d9e722e,89,105,430,85,optimal,,3179698977.0,3179698976.996124,3179698977.0,0.0,0.0,1,1,1,3,0,gomory 2: 2 too_dense,3175561447.5053167,3175561447.5053167,0.0000,4.432593,3.7741282,4797f7ec,"unknown; Intel64 Family 6 Model 140 Stepping 1, GenuineIntel; 8 cores; unknown RAM; Windows-AMD64",2026-09-30T10:02:14+00:00,node_limit=10000 root_cut_loop=true,1,0,0,1,71852d76efa6459e4c98dc0d497510a4e9847cd3563b6fae8c3e2dac494cb381,3.770790,3.771628,2,1,,,,,,,,
neos-1425699,66f7ae93f5715a025ebc2d2ff9b90abdd62b7bd1edefc48307ec38c19d9e722e,89,105,430,85,optimal,,3179698977.0,3179698976.996124,3179698977.0,0.0,0.0,1,1,1,3,0,gomory 2: 2 too_dense,3175561447.5053167,3175561447.5053167,0.0000,4.828022,0.6167514,4797f7ec,"unknown; Intel64 Family 6 Model 140 Stepping 1, GenuineIntel; 8 cores; unknown RAM; Windows-AMD64",2026-09-30T10:02:14+00:00,node_limit=10000 root_cut_loop=true,1,0,0,2,5c9a31ce93eeca02744c5db4ed8582351cab734ab806580ff2ebe9a292a7d7cd,0.696124,0.697571,2,1,,,,,,,,
neos-3072252-nete,91c4f0c863a0597d78ae6ad67a22d711f522319eb4365f7d4b9ec6b3102c01d2,432,576,1292,144,feasible,"stopped at the node limit of 10000 after 10000 nodes, 419.78s",11932765.0,11807698.0,11220144.979353001,712620.0206469987,0.05971960569465658,0,0,1,10000,433,gomory 143: 143 accepted; mir 68: 68 accepted,10593526.0,11192064.305391258,0.4469,421.939741,419.9528522,4797f7ec,"unknown; Intel64 Family 6 Model 140 Stepping 1, GenuineIntel; 8 cores; unknown RAM; Windows-AMD64",2026-09-30T10:02:14+00:00,node_limit=10000 root_cut_loop=true,1,0,0,0,,15.672978,25.233228,9,1,,,,,,,,
neos-3072252-nete,91c4f0c863a0597d78ae6ad67a22d711f522319eb4365f7d4b9ec6b3102c01d2,432,576,1292,144,feasible,"stopped at the node limit of 10000 after 10000 nodes, 412.68s",11936767.0,11807698.0,11240808.897441175,695958.1025588252,0.05830373522066948,0,0,1,10000,433,gomory 143: 143 accepted; mir 68: 68 accepted,10593526.0,11216508.348100875,0.4638,420.675366,412.9150957,4797f7ec,"unknown; Intel64 Family 6 Model 140 Stepping 1, GenuineIntel; 8 cores; unknown RAM; Windows-AMD64",2026-09-30T10:02:14+00:00,node_limit=10000 root_cut_loop=true,1,0,0,1,b2efa14cb1ae520d6c992e264b56b8e4b755a81d4c2d62e0f329956336305801,8.785119,14.369314,8,1,,,,,,,,
neos-3072252-nete,91c4f0c863a0597d78ae6ad67a22d711f522319eb4365f7d4b9ec6b3102c01d2,432,576,1292,144,feasible,"stopped at the node limit of 10000 after 10000 nodes, 591.34s",12027966.0,11807698.0,11261035.758164156,766930.2418358438,0.0637622555497616,0,0,1,10000,433,gomory 143: 143 accepted; mir 68: 68 accepted,10593526.0,11234482.516126294,0.4468,597.816795,591.4192921,4797f7ec,"unknown; Intel64 Family 6 Model 140 Stepping 1, GenuineIntel; 8 cores; unknown RAM; Windows-AMD64",2026-09-30T10:02:14+00:00,node_limit=10000 root_cut_loop=true,1,0,0,2,fc924bf04291c9b42e96f5fca3d0c38f39107722b30eb8d6e0a927591f397c77,10.140734,28.283314,10,1,,,,,,,,
neos-3611689-kaihu,60004f4ee9cef8f8e7e9d811d5de63e75e6e96b577a54c923ef1971b89a87039,323,421,1014,88,optimal,,119.0,119.0,119.0,0.0,0.0,1,1,1,99,322,"gomory 27: 27 accepted; mir 90: 63 accepted, 27 duplicate",100.87875,116.1211043835771,0.8411,28.613598,28.0772837,4797f7ec,"unknown; Intel64 Family 6 Model 140 Stepping 1, GenuineIntel; 8 cores; unknown RAM; Windows-AMD64",2026-09-30T10:02:14+00:00,node_limit=10000 root_cut_loop=true,1,0,0,0,,17.175848,17.235126,2,1,,,,,,,,
neos-3611689-kaihu,60004f4ee9cef8f8e7e9d811d5de63e75e6e96b577a54c923ef1971b89a87039,323,421,1014,88,optimal,,119.0,119.0,119.0,0.0,0.0,1,1,1,969,322,"gomory 24: 24 accepted; mir 108: 74 accepted, 34 duplicate",100.87875,116.21911394461708,0.8465,31.750554,29.6720407,4797f7ec,"unknown; Intel64 Family 6 Model 140 Stepping 1, GenuineIntel; 8 cores; unknown RAM; Windows-AMD64",2026-09-30T10:02:14+00:00,node_limit=10000 root_cut_loop=true,1,0,0,1,ac66b2e986485d4f12dcfc64b44d3fb804465c3aa49417ff00b820578428742c,0.654565,0.910329,3,1,,,,,,,,
neos-3611689-kaihu,60004f4ee9cef8f8e7e9d811d5de63e75e6e96b577a54c923ef1971b89a87039,323,421,1014,88,feasible,"stopped at the node limit of 10000 after 10000 nodes, 241.25s",119.0,119.0,118.0,1.0,0.008403361344537815,1,0,1,10000,322,"gomory 25: 25 accepted; mir 101: 71 accepted, 30 duplicate",100.87875,115.84149174403645,0.8257,241.587993,241.2567993,4797f7ec,"unknown; Intel64 Family 6 Model 140 Stepping 1, GenuineIntel; 8 cores; unknown RAM; Windows-AMD64",2026-09-30T10:02:14+00:00,node_limit=10000 root_cut_loop=true,1,0,0,2,9fc6c8d58bb8ec767c1ad7690648634338c8e9ac4ff839cbaeb924fd7865bdc8,9.529415,11.013099,4,1,,,,,,,,
neos-5140963-mincio,cf5cafaab453d0d450f7e654dfc85e0492a1a20d9229c0371158a6cc88b1de4b,184,196,834,183,feasible,"stopped at the node limit of 10000 after 10000 nodes, 84.71s",14903.0,14393.0,10947.0,3956.0,0.2654499094142119,0,0,1,10000,34,"gomory 26: 12 accepted, 3 too_dense, 11 duplicate; mir 26: 22 accepted, 4 duplicate",8877.000000000002,9814.333333333334,0.1555,86.050673,84.7649699,4797f7ec,"unknown; Intel64 Family 6 Model 140 Stepping 1, GenuineIntel; 8 cores; unknown RAM; Windows-AMD64",2026-09-30T10:02:14+00:00,node_limit=10000 root_cut_loop=true,1,0,0,0,,15.281740,22.658665,5,1,,,,,,,,
neos-5140963-mincio,cf5cafaab453d0d450f7e654dfc85e0492a1a20d9229c0371158a6cc88b1de4b,184,196,834,183,feasible,"stopped at the time limit of 599.999s after 856.85s, 0 iterations, 2000 nodes",16952.0,14393.0,10426.0,6526.0,0.38496932515337423,0,0,1,2000,33,"gomory 26: 13 accepted, 3 too_dense, 10 duplicate; mir 26: 22 accepted, 4 duplicate",8877.000000000002,9814.333333333334,0.1161,857.359959,856.8684502,4797f7ec,"unknown; Intel64 Family 6 Model 140 Stepping 1, GenuineIntel; 8 cores; unknown RAM; Windows-AMD64",2026-09-30T10:02:14+00:00,node_limit=10000 root_cut_loop=true,1,0,0,1,5de96c9409eaaadd65c5d92c0853c47746d1fd9ed6c471354ff58f6a3664b27a,23.985984,151.421284,2,1,,,,,,,,
neos-5140963-mincio,cf5cafaab453d0d450f7e654dfc85e0492a1a20d9229c0371158a6cc88b1de4b,184,196,834,183,feasible,"stopped at the node limit of 10000 after 10000 nodes, 112.70s",15178.0,14393.0,11037.0,4141.0,0.2728290947423903,0,0,1,10000,55,"gomory 26: 12 accepted, 3 too_dense, 11 duplicate; mir 26: 22 accepted, 4 duplicate",8877.000000000002,10138.0,0.2001,116.857956,112.797681,4797f7ec,"unknown; Intel64 Family 6 Model 140 Stepping 1, GenuineIntel; 8 cores; unknown RAM; Windows-AMD64",2026-09-30T10:02:14+00:00,node_limit=10000 root_cut_loop=true,1,0,0,2,b11cd8b328d7fb3aee3a874c873503b59c71bcd21ff83f812468a7dfb1b49a75,29.750821,38.056512,8,1,,,,,,,,
neos-5192052-neckar,a683554818c078fca80fe21c0f452463d5d6a051f6898d9da641d5d9f9575906,57,180,545,24,optimal,,-11670000.0,-11670000.0,-11670000.0,0.0,0.0,1,1,1,7,7,gomory 2: 2 accepted; mir 1: 1 accepted,-11980000.0,-11980000.0,0.0000,17.491643,16.9541054,4797f7ec,"unknown; Intel64 Family 6 Model 140 Stepping 1, GenuineIntel; 8 cores; unknown RAM; Windows-AMD64",2026-09-30T10:02:14+00:00,node_limit=10000 root_cut_loop=true,1,0,0,0,,16.934682,16.934769,2,1,,,,,,,,
neos-5192052-neckar,a683554818c078fca80fe21c0f452463d5d6a051f6898d9da641d5d9f9575906,57,180,545,24,optimal,,-11670000.0,-11670000.0,-11670000.0,0.0,0.0,1,1,1,5,6,gomory 2: 2 accepted; mir 1: 1 accepted,-11980000.0,-11970000.0,0.0323,10.437406,10.1957561,4797f7ec,"unknown; Intel64 Family 6 Model 140 Stepping 1, GenuineIntel; 8 cores; unknown RAM; Windows-AMD64",2026-09-30T10:02:14+00:00,node_limit=10000 root_cut_loop=true,1,0,0,1,7d403d6a9b8954c2d6f1affea3317d860b799f22bd06c9bd977b39f8b3c0d0f8,10.179319,10.181595,3,1,,,,,,,,
neos-5192052-neckar,a683554818c078fca80fe21c0f452463d5d6a051f6898d9da641d5d9f9575906,57,180,545,24,optimal,,-11669999.999999993,-11670000.0,-11669999.999999993,0.0,0.0,1,1,1,7,7,gomory 2: 2 accepted; mir 2: 2 accepted,-11980000.0,-11976666.666666668,0.0108,16.504603,15.9649215,4797f7ec,"unknown; Intel64 Family 6 Model 140 Stepping 1, GenuineIntel; 8 cores; unknown RAM; Windows-AMD64",2026-09-30T10:02:14+00:00,node_limit=10000 root_cut_loop=true,1,0,0,2,9a015f830b73582d327ed9404881b1e98cb6a587ca57554180b49b0adb570205,11.380724,12.309546,3,1,,,,,,,,
neos5,2888e9aeb10a4cf16d3b9ad221302fd3de815ce1454b31e660ebd060589c1072,63,63,2016,53,feasible,"stopped at the node limit of 10000 after 10000 nodes, 217.62s",15.5,15.0,13.91666666666667,1.5833333333333304,0.10215053763440841,0,0,1,10000,2,"gomory 28: 9 accepted, 19 too_dense; zero_half 1: 1 accepted",13.0,13.166666666666668,0.0667,221.930914,217.8043942,4797f7ec,"unknown; Intel64 Family 6 Model 140 Stepping 1, GenuineIntel; 8 cores; unknown RAM; Windows-AMD64",2026-09-30T10:02:14+00:00,node_limit=10000 root_cut_loop=true,1,0,0,0,,28.401037,37.422038,3,1,,,,,,,,
neos5,2888e9aeb10a4cf16d3b9ad221302fd3de815ce1454b31e660ebd060589c1072,63,63,2016,53,feasible,"stopped at the node limit of 10000 after 10000 nodes, 212.74s",15.5,15.0,14.0,1.5,0.0967741935483871,0,0,1,10000,2,"gomory 30: 9 accepted, 21 too_dense; zero_half 1: 1 accepted",13.0,13.119047619047619,0.0476,217.393104,212.7383937,4797f7ec,"unknown; Intel64 Family 6 Model 140 Stepping 1, GenuineIntel; 8 cores; unknown RAM; Windows-AMD64",2026-09-30T10:02:14+00:00,node_limit=10000 root_cut_loop=true,1,0,0,1,e4eb97b5c4b908d8932f28be86f422bca9483c6c097b107d1d5f7d1ee6cde1f4,7.778983,14.390577,1,1,,,,,,,,
neos5,2888e9aeb10a4cf16d3b9ad221302fd3de815ce1454b31e660ebd060589c1072,63,63,2016,53,feasible,"stopped at the node limit of 10000 after 10000 nodes, 349.12s",14.999999999999998,15.0,13.875000000000002,1.1249999999999964,0.07499999999999978,1,0,1,10000,2,"gomory 26: 9 accepted, 17 too_dense; zero_half 1: 1 accepted",13.0,13.166666666666664,0.0833,351.381509,349.1166767,4797f7ec,"unknown; Intel64 Family 6 Model 140 Stepping 1, GenuineIntel; 8 cores; unknown RAM; Windows-AMD64",2026-09-30T10:02:14+00:00,node_limit=10000 root_cut_loop=true,1,0,0,2,99af9b7fbeef0c2d325724953b967b61cb5f7bb450c0a2d7d04d1f8ef480cf86,2.168669,2.168669,1,1,,,,,,,,
noswot,f4ac4805801d06bd12e7f67204101928413f7df27fa347bfca1c918e29bca86b,182,128,735,100,feasible,"stopped at the node limit of 10000 after 10000 nodes, 129.18s",-37.0,-41.00000885,-43.0,6.0,0.16216216216216217,0,0,1,10000,74,"gomory 23: 23 accepted; mir 14: 10 accepted, 4 duplicate",-43.00000000000001,-43.000000000000014,0.0000,137.789410,129.3770513,4797f7ec,"unknown; Intel64 Family 6 Model 140 Stepping 1, GenuineIntel; 8 cores; unknown RAM; Windows-AMD64",2026-09-30T10:02:14+00:00,node_limit=10000 root_cut_loop=true,1,0,0,0,,21.312980,32.452143,5,1,,,,,,,,
noswot,f4ac4805801d06bd12e7f67204101928413f7df27fa347bfca1c918e29bca86b,182,128,735,100,feasible,"stopped at the node limit of 10000 after 10000 nodes, 174.50s",-37.0,-41.00000885,-43.0,6.0,0.16216216216216217,0,0,1,10000,82,"gomory 39: 39 accepted; mir 19: 12 accepted, 7 duplicate",-43.0,-42.999999999999986,0.0000,175.877272,174.5409216,4797f7ec,"unknown; Intel64 Family 6 Model 140 Stepping 1, GenuineIntel; 8 cores; unknown RAM; Windows-AMD64",2026-09-30T10:02:14+00:00,node_limit=10000 root_cut_loop=true,1,0,0,1,a52f77df72c9f8955fc679430de4fea06244d069308a319512180cf5a0a9b5fd,10.072098,29.627515,4,1,,,,,,,,
noswot,f4ac4805801d06bd12e7f67204101928413f7df27fa347bfca1c918e29bca86b,182,128,735,100,feasible,"stopped at the node limit of 10000 after 10000 nodes, 105.61s",-36.0,-41.00000885,-43.0,7.0,0.19444444444444445,0,0,1,10000,83,"gomory 26: 26 accepted; mir 24: 18 accepted, 6 duplicate",-43.0,-43.00000000000001,0.0000,111.946058,105.8570283,4797f7ec,"unknown; Intel64 Family 6 Model 140 Stepping 1, GenuineIntel; 8 cores; unknown RAM; Windows-AMD64",2026-09-30T10:02:14+00:00,node_limit=10000 root_cut_loop=true,1,0,0,2,e96832c1148c1f5241ce1419d468b1d5d34864cd679f500afc07276cbcb2d26b,25.840463,35.598596,1,1,,,,,,,,
opt1217,21f16d1bd1d917a2b17af6b7b40f6899d75ae4dbf0621f14da71ed2471280124,64,769,1542,768,feasible,"stopped at the node limit of 10000 after 10000 nodes, 145.34s",-15.999999999999996,-16.00000000000012,-19.0,3.0000000000000036,0.18750000000000028,1,0,1,10000,1,"gomory 21: 2 accepted, 19 too_dense",-20.02139037433155,-19.934426229508194,0.0216,155.085027,145.340303,4797f7ec,"unknown; Intel64 Family 6 Model 140 Stepping 1, GenuineIntel; 8 cores; unknown RAM; Windows-AMD64",2026-09-30T10:02:14+00:00,node_limit=10000 root_cut_loop=true,1,0,0,0,,9.257589,17.670378,3,1,,,,,,,,
opt1217,21f16d1bd1d917a2b17af6b7b40f6899d75ae4dbf0621f14da71ed2471280124,64,769,1542,768,feasible,"stopped at the node limit of 10000 after 10000 nodes, 295.14s",-14.0,-16.00000000000012,-19.0,5.0,0.35714285714285715,0,0,1,10000,1,"gomory 21: 2 accepted, 19 too_dense",-20.02139037433155,-19.934426229508194,0.0144,296.036387,295.1423212,4797f7ec,"unknown; Intel64 Family 6 Model 140 Stepping 1, GenuineIntel; 8 cores; unknown RAM; Windows-AMD64",2026-09-30T10:02:14+00:00,node_limit=10000 root_cut_loop=true,1,0,0,1,03e47236d91272894931bb4bafcd3ab9d2c74aee791d7a52431efed8cb2fe73e,21.286417,64.456333,3,1,,,,,,,,
opt1217,21f16d1bd1d917a2b17af6b7b40f6899d75ae4dbf0621f14da71ed2471280124,64,769,1542,768,feasible,"stopped at the node limit of 10000 after 10000 nodes, 238.86s",-15.999999999999996,-16.00000000000012,-19.0,3.0000000000000036,0.18750000000000028,1,0,1,10000,1,"gomory 17: 2 accepted, 15 too_dense",-20.02139037433155,-19.934426229508194,0.0216,249.489070,240.0419152,4797f7ec,"unknown; Intel64 Family 6 Model 140 Stepping 1, GenuineIntel; 8 cores; unknown RAM; Windows-AMD64",2026-09-30T10:02:14+00:00,node_limit=10000 root_cut_loop=true,1,0,0,2,bba45f4ef67d08e8f5bb57d9009efb3e9c1b7fdad9abc3f30a3e0df3b82c7d34,26.168487,61.844247,4,1,,,,,,,,
p0201,2ecd7f035c546453ffd5e4fe12cf41c111be192411c4cb7e268b3c8ba81e5335,133,201,1923,201,optimal,,7615.0,7614.999999999997,7615.0,0.0,0.0,1,1,1,364,19,"gomory 31: 10 accepted, 21 too_dense; mir 10: 10 accepted; zero_half 77: 26 accepted, 51 too_dense",6875.000000000001,7125.0,0.3378,53.958094,53.2804912,4797f7ec,"unknown; Intel64 Family 6 Model 140 Stepping 1, GenuineIntel; 8 cores; unknown RAM; Windows-AMD64",2026-09-30T10:02:14+00:00,node_limit=10000 root_cut_loop=true,1,0,0,0,,10.185388,15.549550,12,1,,,,,,,,
p0201,2ecd7f035c546453ffd5e4fe12cf41c111be192411c4cb7e268b3c8ba81e5335,133,201,1923,201,optimal,,7615.0,7614.999999999997,7615.0,0.0,0.0,1,1,1,396,13,"gomory 14: 6 accepted, 8 too_dense; mir 10: 10 accepted; zero_half 117: 45 accepted, 72 too_dense",6874.999999999999,7149.999999999998,0.3716,42.613000,39.1036311,4797f7ec,"unknown; Intel64 Family 6 Model 140 Stepping 1, GenuineIntel; 8 cores; unknown RAM; Windows-AMD64",2026-09-30T10:02:14+00:00,node_limit=10000 root_cut_loop=true,1,0,0,1,18a44928d781c7b0beacb1cab001cf51781cbb5d0c767dc46a4c83a1a0787c9c,7.012922,9.381130,13,1,,,,,,,,
p0201,2ecd7f035c546453ffd5e4fe12cf41c111be192411c4cb7e268b3c8ba81e5335,133,201,1923,201,optimal,,7615.0,7614.999999999997,7615.0,0.0,0.0,1,1,1,488,17,"gomory 7: 7 accepted; mir 10: 10 accepted; zero_half 106: 42 accepted, 64 too_dense",6874.999999999999,7185.000000000001,0.4189,20.504521,17.3507434,4797f7ec,"unknown; Intel64 Family 6 Model 140 Stepping 1, GenuineIntel; 8 cores; unknown RAM; Windows-AMD64",2026-09-30T10:02:14+00:00,node_limit=10000 root_cut_loop=true,1,0,0,2,5a64db06db1e680ab75fa15e3cd22473de5b7e565ba02475f3862018e5ac1ade,2.684116,3.926576,13,1,,,,,,,,
pk1,6c64530538b254a8ae648f8f8f188847366ae52da560fdec0ad290c642973ba0,45,86,915,55,feasible,"stopped at the node limit of 10000 after 10000 nodes, 83.43s",21.000000000000025,11.0,0.4205011335760662,20.579498866423958,0.9799761364963777,0,0,1,10000,10,"gomory 15: 10 accepted, 5 too_dense",0.0,0.0,0.0000,83.827191,83.4350749,4797f7ec,"unknown; Intel64 Family 6 Model 140 Stepping 1, GenuineIntel; 8 cores; unknown RAM; Windows-AMD64",2026-09-30T10:02:14+00:00,node_limit=10000 root_cut_loop=true,1,0,0,0,,4.316117,42.567770,5,1,,,,,,,,
pk1,6c64530538b254a8ae648f8f8f188847366ae52da560fdec0ad290c642973ba0,45,86,915,55,feasible,"stopped at the node limit of 10000 after 10000 nodes, 50.93s",18.999999999999996,11.0,0.2655845835611447,18.734415416438853,0.9860218640230978,0,0,1,10000,10,"gomory 15: 10 accepted, 5 too_dense",0.0,0.0,0.0000,55.822233,50.9327068,4797f7ec,"unknown; Intel64 Family 6 Model 140 Stepping 1, GenuineIntel; 8 cores; unknown RAM; Windows-AMD64",2026-09-30T10:02:14+00:00,node_limit=10000 root_cut_loop=true,1,0,0,1,b2634a77319458fb3587db6f15197cd683ba68b8ff50b41413fd67915dc6537f,15.745424,35.682383,5,1,,,,,,,,
pk1,6c64530538b254a8ae648f8f8f188847366ae52da560fdec0ad290c642973ba0,45,86,915,55,feasible,"stopped at the node limit of 10000 after 10000 nodes, 14.17s",16.999999999999943,11.0,0.681490659446187,16.318509340553756,0.9599123141502242,0,0,1,10000,10,"gomory 15: 10 accepted, 5 too_dense",0.0,0.0,0.0000,16.958986,14.4149219,4797f7ec,"unknown; Intel64 Family 6 Model 140 Stepping 1, GenuineIntel; 8 cores; unknown RAM; Windows-AMD64",2026-09-30T10:02:14+00:00,node_limit=10000 root_cut_loop=true,1,0,0,2,f2e99b32c0663591d62884029c72cfdfc149e8b1c7c3459e10851611bfbcdf94,0.679943,6.552171,6,1,,,,,,,,
ran12x21,15ad9b8724f5ba4f6ac958e442040a68abab37943e6a0a4cdf59f8a24e03e2b6,285,504,1008,252,feasible,"stopped at the node limit of 10000 after 10000 nodes, 337.98s",3903.0,3663.999999980964,3389.868983355825,513.1310166441749,0.1314709240697348,0,0,1,10000,72,"gomory 17: 13 accepted, 4 too_dense; mir 16: 16 accepted",3157.377442025726,3239.9695539835825,0.1108,338.456421,338.0007561,4797f7ec,"unknown; Intel64 Family 6 Model 140 Stepping 1, GenuineIntel; 8 cores; unknown RAM; Windows-AMD64",2026-09-30T10:02:14+00:00,node_limit=10000 root_cut_loop=true,1,0,0,0,,18.648008,40.422447,3,1,,,,,,,,
ran12x21,15ad9b8724f5ba4f6ac958e442040a68abab37943e6a0a4cdf59f8a24e03e2b6,285,504,1008,252,feasible,"stopped at the node limit of 10000 after 10000 nodes, 540.44s",3913.0,3663.999999980964,3378.19641025641,534.8035897435898,0.1366735470849961,0,0,1,10000,122,"gomory 17: 14 accepted, 3 too_dense; mir 14: 14 accepted",3157.377442025726,3273.299762118318,0.1534,543.344825,540.7386932,4797f7ec,"unknown; Intel64 Family 6 Model 140 Stepping 1, GenuineIntel; 8 cores; unknown RAM; Windows-AMD64",2026-09-30T10:02:14+00:00,node_limit=10000 root_cut_loop=true,1,0,0,1,f5c7e5931389c02dea256383cb2cb5e5d902c95dbb13db8b98cf20ecf761460c,55.286262,93.218859,10,1,,,,,,,,
ran12x21,15ad9b8724f5ba4f6ac958e442040a68abab37943e6a0a4cdf59f8a24e03e2b6,285,504,1008,252,feasible,"stopped at the node limit of 10000 after 10000 nodes, 276.31s",3791.0,3663.999999980964,3413.0882976672447,377.91170233275534,0.09968654770054217,0,0,1,10000,118,"gomory 17: 13 accepted, 4 too_dense; mir 12: 11 accepted, 1 duplicate",3157.3774420257255,3247.780072752567,0.1427,277.031664,276.3395936,4797f7ec,"unknown; Intel64 Family 6 Model 140 Stepping 1, GenuineIntel; 8 cores; unknown RAM; Windows-AMD64",2026-09-30T10:02:14+00:00,node_limit=10000 root_cut_loop=true,1,0,0,2,dfc50719f38bd612d57ddd0b4a68b22a4438fe749d3bf18bf72aac028dd254b5,27.074736,44.781919,8,1,,,,,,,,
ran13x13,ddf6f7b055f8cc7442c39a5f3853c3813a8b1f18ae66378d752938337b9cc579,195,338,676,169,feasible,"stopped at the node limit of 10000 after 10000 nodes, 153.01s",3319.0,3252.0,3007.146520146521,311.8534798534788,0.09396007226679085,0,0,1,10000,76,"gomory 18: 13 accepted, 5 too_dense; mir 16: 16 accepted",2691.439468864469,2836.3000516037155,0.2308,154.683424,153.1305057,4797f7ec,"unknown; Intel64 Family 6 Model 140 Stepping 1, GenuineIntel; 8 cores; unknown RAM; Windows-AMD64",2026-09-30T10:02:14+00:00,node_limit=10000 root_cut_loop=true,1,0,0,0,,15.296044,23.519818,9,1,,,,,,,,
ran13x13,ddf6f7b055f8cc7442c39a5f3853c3813a8b1f18ae66378d752938337b9cc579,195,338,676,169,feasible,"stopped at the node limit of 10000 after 10000 nodes, 153.95s",3385.0,3252.0,3030.809235209235,354.1907647907651,0.10463538103124523,0,0,1,10000,84,"gomory 18: 13 accepted, 5 too_dense; mir 14: 13 accepted, 1 duplicate",2691.439468864469,2838.638066764054,0.2122,154.720373,153.9517854,4797f7ec,"unknown; Intel64 Family 6 Model 140 Stepping 1, GenuineIntel; 8 cores; unknown RAM; Windows-AMD64",2026-09-30T10:02:14+00:00,node_limit=10000 root_cut_loop=true,1,0,0,1,7af92401a3561b9b1ab838b21e78ad25e355c7484bfe30de6431e7f9304bf607,9.385332,17.265238,8,1,,,,,,,,
ran13x13,ddf6f7b055f8cc7442c39a5f3853c3813a8b1f18ae66378d752938337b9cc579,195,338,676,169,feasible,"stopped at the node limit of 10000 after 10000 nodes, 163.00s",3404.0,3252.0,3002.8030303030305,401.1969696969695,0.11786044938218845,0,0,1,10000,61,"gomory 18: 14 accepted, 4 too_dense; mir 11: 10 accepted, 1 duplicate",2691.439468864469,2819.312992159663,0.1795,165.979812,163.2059783,4797f7ec,"unknown; Intel64 Family 6 Model 140 Stepping 1, GenuineIntel; 8 cores; unknown RAM; Windows-AMD64",2026-09-30T10:02:14+00:00,node_limit=10000 root_cut_loop=true,1,0,0,2,b83082b26058627cf5ef9c1d735000305470152f6fd54e374cea7c09a5a6ba14,18.536542,26.490657,4,1,,,,,,,,
rlp1,edd6f521c7abe8b2de7425601d1739599b44d27bc192e8c757fe9b5ba03fa2c3,68,461,836,450,feasible,"stopped at the node limit of 10000 after 10000 nodes, 40.71s",15.000000000000005,14.99999999990919,14.0,1.0000000000000053,0.066666666666667,1,0,1,10000,2,"gomory 47: 2 accepted, 45 too_dense",13.244444444444444,13.244444444444447,0.0000,42.080016,40.712634,4797f7ec,"unknown; Intel64 Family 6 Model 140 Stepping 1, GenuineIntel; 8 cores; unknown RAM; Windows-AMD64",2026-09-30T10:02:14+00:00,node_limit=10000 root_cut_loop=true,1,0,0,0,,7.431729,12.009832,4,1,,,,,,,,
rlp1,edd6f521c7abe8b2de7425601d1739599b44d27bc192e8c757fe9b5ba03fa2c3,68,461,836,450,feasible,"stopped at the node limit of 10000 after 10000 nodes, 106.97s",15.000000000000002,14.99999999990919,14.0,1.0000000000000018,0.06666666666666678,1,0,1,10000,2,"gomory 46: 2 accepted, 44 too_dense",13.244444444444444,13.244444444444444,0.0000,110.055396,107.3956291,4797f7ec,"unknown; Intel64 Family 6 Model 140 Stepping 1, GenuineIntel; 8 cores; unknown RAM; Windows-AMD64",2026-09-30T10:02:14+00:00,node_limit=10000 root_cut_loop=true,1,0,0,1,d6a4c3d4397a3dfa0e1500c8e32aabd0695e99da80c003ea5054974aa24f58c6,16.768976,28.444520,3,1,,,,,,,,
rlp1,edd6f521c7abe8b2de7425601d1739599b44d27bc192e8c757fe9b5ba03fa2c3,68,461,836,450,feasible,"stopped at the node limit of 10000 after 10000 nodes, 103.79s",15.0,14.99999999990919,14.0,1.0,0.06666666666666667,1,0,1,10000,2,"gomory 46: 2 accepted, 44 too_dense",13.244444444444444,13.244444444444444,0.0000,106.111358,104.0995868,4797f7ec,"unknown; Intel64 Family 6 Model 140 Stepping 1, GenuineIntel; 8 cores; unknown RAM; Windows-AMD64",2026-09-30T10:02:14+00:00,node_limit=10000 root_cut_loop=true,1,0,0,2,688e6d319590f55387b240c6a67ba21b239f7629710f32ef5aef9ab45863071c,11.098532,19.096577,3,1,,,,,,,,
supportcase14,a8cb263fed392f55c3a506274e69b5172ae82d308cf05240bde0c8070df7c5f5,234,304,1129,304,optimal,,288.0,288.0,288.0,0.0,0.0,1,1,1,7,118,"gomory 18: 7 accepted, 11 too_dense; zero_half 34: 29 accepted, 5 too_dense",272.00000000000017,286.3333333333332,0.8958,7.668817,5.5040722,4797f7ec,"unknown; Intel64 Family 6 Model 140 Stepping 1, GenuineIntel; 8 cores; unknown RAM; Windows-AMD64",2026-09-30T10:02:14+00:00,node_limit=10000 root_cut_loop=true,1,0,0,0,,5.089256,5.093352,3,1,,,,,,,,
supportcase14,a8cb263fed392f55c3a506274e69b5172ae82d308cf05240bde0c8070df7c5f5,234,304,1129,304,optimal,,288.0,288.0,288.0,0.0,0.0,1,1,1,34,118,"gomory 28: 11 accepted, 13 too_dense, 4 duplicate; zero_half 47: 37 accepted, 10 too_dense",272.0,285.5,0.8438,4.118482,3.8355285,4797f7ec,"unknown; Intel64 Family 6 Model 140 Stepping 1, GenuineIntel; 8 cores; unknown RAM; Windows-AMD64",2026-09-30T10:02:14+00:00,node_limit=10000 root_cut_loop=true,1,0,0,1,3a36670f3d58fab163ca0105e9e9b92570f559f7c5ba89e85b317953c2938c0f,0.643092,0.668563,3,1,,,,,,,,
supportcase14,a8cb263fed392f55c3a506274e69b5172ae82d308cf05240bde0c8070df7c5f5,234,304,1129,304,optimal,,288.0,288.0,288.0,0.0,0.0,1,1,1,23,118,"gomory 15: 11 accepted, 1 too_dense, 3 duplicate; zero_half 53: 46 accepted, 7 too_dense",271.9999999999999,283.9999999999999,0.7500,3.262071,1.5505179,4797f7ec,"unknown; Intel64 Family 6 Model 140 Stepping 1, GenuineIntel; 8 cores; unknown RAM; Windows-AMD64",2026-09-30T10:02:14+00:00,node_limit=10000 root_cut_loop=true,1,0,0,2,31592d47ab31dea73870b461268b71bed446c092d9aa53209c716b6c697e076f,0.858658,0.863425,3,1,,,,,,,,
supportcase16,2063fbcfb893abb2c80662ba88e473b13cbc89402aeae2c2f2b7d4c19647b663,130,319,1076,319,optimal,,288.0,288.0,288.0,0.0,0.0,1,1,1,5,116,"gomory 25: 8 accepted, 17 too_dense; zero_half 110: 66 accepted, 44 too_dense",272.0,285.5999999999999,0.8500,1.009013,0.5140683,4797f7ec,"unknown; Intel64 Family 6 Model 140 Stepping 1, GenuineIntel; 8 cores; unknown RAM; Windows-AMD64",2026-09-30T10:02:14+00:00,node_limit=10000 root_cut_loop=true,1,0,0,0,,0.411131,0.411836,3,1,,,,,,,,
supportcase16,2063fbcfb893abb2c80662ba88e473b13cbc89402aeae2c2f2b7d4c19647b663,130,319,1076,319,optimal,,288.0,288.0,288.0,0.0,0.0,1,1,1,23,116,"gomory 38: 9 accepted, 25 too_dense, 4 duplicate; zero_half 97: 48 accepted, 49 too_dense",272.0,282.5,0.6562,2.165466,2.0345913,4797f7ec,"unknown; Intel64 Family 6 Model 140 Stepping 1, GenuineIntel; 8 cores; unknown RAM; Windows-AMD64",2026-09-30T10:02:14+00:00,node_limit=10000 root_cut_loop=true,1,0,0,1,bd2dcba98dc50baeee9fc36bbdb698a6cb87bff629c66c0893253a0f9c4df3c9,1.286938,1.318194,4,1,,,,,,,,
supportcase16,2063fbcfb893abb2c80662ba88e473b13cbc89402aeae2c2f2b7d4c19647b663,130,319,1076,319,optimal,,288.0,288.0,288.0,0.0,0.0,1,1,1,9,116,"gomory 33: 13 accepted, 13 too_dense, 7 duplicate; zero_half 54: 50 accepted, 4 too_dense",272.0,285.75,0.8594,13.741550,3.9747678,4797f7ec,"unknown; Intel64 Family 6 Model 140 Stepping 1, GenuineIntel; 8 cores; unknown RAM; Windows-AMD64",2026-09-30T10:02:14+00:00,node_limit=10000 root_cut_loop=true,1,0,0,2,1f53d194e2453788a161d1a9075ac7a5ecec8432c8ee5a19cd7f5a397d89b82e,3.439753,3.443021,3,1,,,,,,,,
timtab1,5867d1a9c1067a849211c1a61bdb8839fb0025255dde09989d0ed333e0674d7a,171,397,829,171,feasible,"stopped at the node limit of 10000 after 10000 nodes, 204.85s",1276719.99999983,764771.99999978,348969.46316604136,927750.5368337887,0.7266671915799174,0,0,1,10000,170,"gomory 129: 129 accepted; mir 256: 246 accepted, 10 duplicate",28693.99999999998,305106.7507776944,0.2215,208.941159,204.9894909,4797f7ec,"unknown; Intel64 Family 6 Model 140 Stepping 1, GenuineIntel; 8 cores; unknown RAM; Windows-AMD64",2026-09-30T10:02:14+00:00,node_limit=10000 root_cut_loop=true,1,0,0,0,,203.925477,204.352132,1,1,,,,,,,,
timtab1,5867d1a9c1067a849211c1a61bdb8839fb0025255dde09989d0ed333e0674d7a,171,397,829,171,node_limit,"stopped at the node limit of 10000 after 10000 nodes, 120.69s; no feasible point had been found when the limit stopped the search, so none is reported (the objective is the worst representable value, not a solution)",inf,764771.99999978,351540.4429550785,inf,inf,0,0,,10000,170,"gomory 129: 129 accepted; mir 258: 248 accepted, 10 duplicate",28693.99999999998,305106.7507776946,,121.752965,120.7491897,4797f7ec,"unknown; Intel64 Family 6 Model 140 Stepping 1, GenuineIntel; 8 cores; unknown RAM; Windows-AMD64",2026-09-30T10:02:14+00:00,node_limit=10000 root_cut_loop=true,1,0,0,1,a0dcd8078ecdc04b395a7dd155565db3055947e93c6db0856ee22bc0ee744e6d,,120.749190,0,0,,,,,,,,
timtab1,5867d1a9c1067a849211c1a61bdb8839fb0025255dde09989d0ed333e0674d7a,171,397,829,171,feasible,"stopped at the node limit of 10000 after 10000 nodes, 152.00s",1180349.9999998098,764771.99999978,354041.21506629745,826308.7849335123,0.7000540389999962,0,0,1,10000,170,"gomory 129: 129 accepted; mir 256: 249 accepted, 7 duplicate",28693.999999999993,305106.7507776945,0.2400,157.418342,152.2548482,4797f7ec,"unknown; Intel64 Family 6 Model 140 Stepping 1, GenuineIntel; 8 cores; unknown RAM; Windows-AMD64",2026-09-30T10:02:14+00:00,node_limit=10000 root_cut_loop=true,1,0,0,2,35214f1d607bff9f90aff97895c46c47211ab36098e3ab68595673b70abc812a,72.620623,100.658266,1,1,,,,,,,,
