instance,instance_sha256,rows,columns,nonzeros,integer_columns,status,message,our_objective,published_objective,dual_bound,absolute_gap,relative_gap,matched_published,proved_optimal,independently_verified,nodes,cuts_applied,root_bound,root_bound_after_cuts,root_gap_closed,wall_seconds,solver_seconds,git_commit,machine,timestamp_utc,solver_options
b-ball,67c5cb2dc43704d11f456537f6a951cb8d5bfb6d74c90fb1827a3bc34abf3586,30,100,209,88,feasible,"stopped at the time limit of 59.9999s after 60.00s, 0 iterations, 109076 nodes",-1.5000000000000004,-1.50000000000001,-1.8181818181818183,0.3181818181818179,0.21212121212121188,1,0,1,109076,0,-1.8181818181818183,-1.8181818181818183,0.0000,60.170139,60.0010834,6c405f8,Windows-AMD64,2026-09-22T05:22:53+00:00,conflict_analysis=true
ej,8a427d75008db853496fc29759c11bb77fddd5e0a0934601710f95a0a1935b00,1,3,3,3,feasible,"stopped at the time limit of 59.9999s after 60.00s, 0 iterations, 66840 nodes",51015.0,25508.0,1.0,51014.0,0.9999803979221797,0,0,1,66840,0,1.0,1.0,0.0000,60.157957,60.0009549,6c405f8,Windows-AMD64,2026-09-22T05:22:53+00:00,conflict_analysis=true
enlight8,012d661241f3ef70a7ae28d89408a030ed0b7c538ccbd1e0d820af49fd7397a3,64,128,352,128,time_limit,"stopped at the time limit of 59.9998s after 60.00s, 0 iterations, 46704 nodes; no integer feasible point was found, so the point reported is the last LP relaxation, fractional by 5.000e-01",20.0,27.0,19.0,1.0,0.05,0,0,,46704,0,1.0000000000000004,1.0000000000000004,0.0000,60.155768,60.0002646,6c405f8,Windows-AMD64,2026-09-22T05:22:53+00:00,conflict_analysis=true
enlight_hard,942168c2126a2a91ae3ec1ededea59bc1af0cad55f94223edf4c03d20e831f66,100,200,560,200,time_limit,"stopped at the time limit of 59.9997s after 60.00s, 0 iterations, 59460 nodes; no integer feasible point was found, so the point reported is the last LP relaxation, fractional by 5.000e-01",30.0,37.0,23.0,7.0,0.23333333333333334,0,0,,59460,0,15.500000000000002,15.500000000000002,0.0000,60.162430,60.001038,6c405f8,Windows-AMD64,2026-09-22T05:22:53+00:00,conflict_analysis=true
f2gap40400,f592e8d127e1f3c5d36d65b05ddcb88ad5bf34d23de7e22941fd050221314a74,40,400,800,400,optimal,,20772.0,20771.99999999983,20772.0,0.0,0.0,1,1,1,541,0,20650.89815396325,20650.89815396325,0.0000,2.230411,1.5436358,6c405f8,Windows-AMD64,2026-09-22T05:22:53+00:00,conflict_analysis=true
flugpl,d0b817caf496c95336f64815a740d6a54db1e37924785fcfd3c5da3ee6a15640,18,18,46,11,optimal,"optimal within the relative gap target (2.250e+01 absolute, 2.165e-05 relative) after 437 nodes; the bound is the best open node's, the tree was not exhausted",1201500.0,1201500.0,1201477.5,22.5,1.8726591760299626e-05,1,1,1,437,0,1167185.7255923203,1167185.7255923203,0.0000,0.196051,0.041574,6c405f8,Windows-AMD64,2026-09-22T05:22:53+00:00,conflict_analysis=true
gen-ip016,ba1599099bccf0cf78cbc7e4c181f03a3af877b1ba596dac67ad296c81220bee,24,28,672,28,feasible,"stopped at the time limit of 59.9999s after 60.00s, 0 iterations, 87737 nodes",-9431.21240856,-9476.155197,-9500.681577671408,69.46916911140761,0.00736587896677586,0,0,1,87737,0,-9505.628172760296,-9505.628172760296,0.0000,60.176029,60.0012877,6c405f8,Windows-AMD64,2026-09-22T05:22:53+00:00,conflict_analysis=true
gen-ip054,b5089ebc97c43bd583fcadf30955b8800861044d632d747c0b7ac73f19b9e6f3,27,30,532,30,feasible,"stopped at the time limit of 59.9999s after 60.00s, 0 iterations, 97207 nodes",6870.870655142001,6840.96564179,6786.504311480389,84.36634366161161,0.012278843234877924,0,0,1,97207,0,6765.209042727767,6765.209042727767,0.0000,60.191337,60.0012589,6c405f8,Windows-AMD64,2026-09-22T05:22:53+00:00,conflict_analysis=true
gr4x6,ecb539938284a6453b8b94f47dfdd88d635e47cfd2977365f7246bb62ed562c7,34,48,96,24,optimal,,202.34999999999997,202.3499999999979,202.34999999999997,0.0,0.0,1,1,1,71,0,185.55,185.55,0.0000,0.233500,0.0380915,6c405f8,Windows-AMD64,2026-09-22T05:22:53+00:00,conflict_analysis=true
gt2,67e1ac3d5504e6b033cecd78b66091e3b64952a90147613d7c87e9652422a005,29,188,376,188,optimal,,21166.0,21165.99999999978,21166.0,0.0,0.0,1,1,1,263,0,13460.233074411899,13460.233074411899,0.0000,0.365961,0.1800084,6c405f8,Windows-AMD64,2026-09-22T05:22:53+00:00,conflict_analysis=true
k16x240b,9419777aed4f6f709363418843c01d447253f8545ab886dda1834c98f82bed71,256,480,960,240,feasible,"stopped at the time limit of 59.9995s after 60.00s, 0 iterations, 92137 nodes",12066.0,11392.99999884458,7026.721000000001,5039.278999999999,0.41764288082214474,0,0,1,92137,0,3320.7709999999997,3320.7709999999997,0.0000,60.244716,60.0002321,6c405f8,Windows-AMD64,2026-09-22T05:22:53+00:00,conflict_analysis=true
markshare1,83516aa1a1d503f01fcea273586406486623370158a119164bd2ffa3594d4752,6,62,312,50,feasible,"stopped at the time limit of 59.9998s after 60.00s, 0 iterations, 121027 nodes",40.0,0.9999999999990905,0.0,40.0,1.0,0,0,1,121027,0,0.0,0.0,0.0000,60.170864,60.0010676,6c405f8,Windows-AMD64,2026-09-22T05:22:53+00:00,conflict_analysis=true
markshare_4_0,1a1feb04f5637db9f69be53bd6224fcd9fe5b8d750870d9b2002b535d25f4353,4,34,123,30,feasible,"stopped at the time limit of 59.9999s after 60.00s, 0 iterations, 178712 nodes",3.9999999999995293,1.0,0.0,3.9999999999995293,1.0,0,0,1,178712,0,0.0,0.0,0.0000,60.156900,60.0001516,6c405f8,Windows-AMD64,2026-09-22T05:22:53+00:00,conflict_analysis=true
markshare_5_0,5309e16f917ec25e9f70402a8c039d4595a91c9499f682b1483babfff5f55b4a,5,45,203,40,feasible,"stopped at the time limit of 59.9999s after 60.00s, 0 iterations, 133272 nodes",20.999999999999932,1.0,0.0,20.999999999999932,1.0,0,0,1,133272,0,0.0,0.0,0.0000,60.742793,60.0006658,6c405f8,Windows-AMD64,2026-09-22T05:22:53+00:00,conflict_analysis=true
neos-1425699,66f7ae93f5715a025ebc2d2ff9b90abdd62b7bd1edefc48307ec38c19d9e722e,89,105,430,85,optimal,,3179698977.0,3179698976.996124,3179698977.0,0.0,0.0,1,1,1,3,0,3175561447.5053167,3175561447.5053167,0.0000,0.153063,0.0054926,6c405f8,Windows-AMD64,2026-09-22T05:22:53+00:00,conflict_analysis=true
neos-3072252-nete,91c4f0c863a0597d78ae6ad67a22d711f522319eb4365f7d4b9ec6b3102c01d2,432,576,1292,144,feasible,"stopped at the time limit of 59.9998s after 60.00s, 0 iterations, 59804 nodes",11988623.0,11807698.0,10626859.0,1361764.0,0.11358802424598721,0,0,1,59804,0,10593526.0,10593526.0,0.0000,60.165233,59.9999053,6c405f8,Windows-AMD64,2026-09-22T05:22:53+00:00,conflict_analysis=true
neos-3611689-kaihu,60004f4ee9cef8f8e7e9d811d5de63e75e6e96b577a54c923ef1971b89a87039,323,421,1014,88,feasible,"stopped at the time limit of 59.9998s after 60.00s, 0 iterations, 75414 nodes",119.0,119.0,116.0,3.0,0.025210084033613446,1,0,1,75414,0,100.87875,100.87875,0.0000,60.159073,60.001848,6c405f8,Windows-AMD64,2026-09-22T05:22:53+00:00,conflict_analysis=true
neos-5140963-mincio,cf5cafaab453d0d450f7e654dfc85e0492a1a20d9229c0371158a6cc88b1de4b,184,196,834,183,feasible,"stopped at the time limit of 59.9998s after 60.00s, 0 iterations, 83145 nodes",14900.0,14393.0,11618.0,3282.0,0.22026845637583892,0,0,1,83145,0,8877.000000000002,8877.000000000002,0.0000,60.158671,60.0006871,6c405f8,Windows-AMD64,2026-09-22T05:22:53+00:00,conflict_analysis=true
neos-5192052-neckar,a683554818c078fca80fe21c0f452463d5d6a051f6898d9da641d5d9f9575906,57,180,545,24,optimal,,-11670000.0,-11670000.0,-11670000.0,0.0,0.0,1,1,1,9,0,-11980000.0,-11980000.0,0.0000,0.162435,0.006772,6c405f8,Windows-AMD64,2026-09-22T05:22:53+00:00,conflict_analysis=true
neos5,2888e9aeb10a4cf16d3b9ad221302fd3de815ce1454b31e660ebd060589c1072,63,63,2016,53,feasible,"stopped at the time limit of 59.9995s after 60.00s, 0 iterations, 68797 nodes",15.5,15.0,14.0,1.5,0.0967741935483871,0,0,1,68797,0,13.0,13.0,0.0000,60.158574,59.9998018,6c405f8,Windows-AMD64,2026-09-22T05:22:53+00:00,conflict_analysis=true
noswot,f4ac4805801d06bd12e7f67204101928413f7df27fa347bfca1c918e29bca86b,182,128,735,100,feasible,"stopped at the time limit of 59.9996s after 60.00s, 0 iterations, 94663 nodes",-41.0,-41.00000885,-43.0,2.0,0.04878048780487805,1,0,1,94663,0,-43.00000000000001,-43.00000000000001,0.0000,60.347111,60.0000719,6c405f8,Windows-AMD64,2026-09-22T05:22:53+00:00,conflict_analysis=true
opt1217,21f16d1bd1d917a2b17af6b7b40f6899d75ae4dbf0621f14da71ed2471280124,64,769,1542,768,feasible,"stopped at the time limit of 59.9994s after 60.00s, 0 iterations, 75982 nodes",-15.999999999999995,-16.00000000000012,-20.0,4.000000000000005,0.25000000000000044,1,0,1,75982,0,-20.02139037433155,-20.02139037433155,0.0000,60.183219,60.0002486,6c405f8,Windows-AMD64,2026-09-22T05:22:53+00:00,conflict_analysis=true
p0201,2ecd7f035c546453ffd5e4fe12cf41c111be192411c4cb7e268b3c8ba81e5335,133,201,1923,201,optimal,,7615.0,7614.999999999997,7615.0,0.0,0.0,1,1,1,691,0,6875.0,6875.0,0.0000,1.303708,1.1496437,6c405f8,Windows-AMD64,2026-09-22T05:22:53+00:00,conflict_analysis=true
pk1,6c64530538b254a8ae648f8f8f188847366ae52da560fdec0ad290c642973ba0,45,86,915,55,feasible,"stopped at the time limit of 59.9997s after 60.00s, 0 iterations, 108969 nodes",18.000000000000018,11.0,5.609743940625938,12.39025605937408,0.6883475588541149,0,0,1,108969,0,0.0,0.0,0.0000,60.167077,60.0001174,6c405f8,Windows-AMD64,2026-09-22T05:22:53+00:00,conflict_analysis=true
ran12x21,15ad9b8724f5ba4f6ac958e442040a68abab37943e6a0a4cdf59f8a24e03e2b6,285,504,1008,252,feasible,"stopped at the time limit of 59.9994s after 60.00s, 0 iterations, 77903 nodes",3791.0,3663.999999980964,3498.609816207184,292.39018379281606,0.0771274554979731,0,0,1,77903,0,3157.377442025726,3157.377442025726,0.0000,60.162912,60.0001265,6c405f8,Windows-AMD64,2026-09-22T05:22:53+00:00,conflict_analysis=true
ran13x13,ddf6f7b055f8cc7442c39a5f3853c3813a8b1f18ae66378d752938337b9cc579,195,338,676,169,feasible,"stopped at the time limit of 59.9996s after 60.00s, 0 iterations, 98851 nodes",3319.0,3252.0,3101.4365079365084,217.5634920634916,0.06555091656025658,0,0,1,98851,0,2691.439468864469,2691.439468864469,0.0000,60.166350,60.0000922,6c405f8,Windows-AMD64,2026-09-22T05:22:53+00:00,conflict_analysis=true
rlp1,edd6f521c7abe8b2de7425601d1739599b44d27bc192e8c757fe9b5ba03fa2c3,68,461,836,450,feasible,"stopped at the time limit of 59.9994s after 60.00s, 0 iterations, 81414 nodes",14.999999999999998,14.99999999990919,14.0,0.9999999999999982,0.06666666666666655,1,0,1,81414,0,13.244444444444444,13.244444444444444,0.0000,60.594037,60.0021869,6c405f8,Windows-AMD64,2026-09-22T05:22:53+00:00,conflict_analysis=true
supportcase14,a8cb263fed392f55c3a506274e69b5172ae82d308cf05240bde0c8070df7c5f5,234,304,1129,304,optimal,,288.0,288.0,288.0,0.0,0.0,1,1,1,102,0,272.00000000000017,272.00000000000017,0.0000,0.527591,0.3758968,6c405f8,Windows-AMD64,2026-09-22T05:22:53+00:00,conflict_analysis=true
supportcase16,2063fbcfb893abb2c80662ba88e473b13cbc89402aeae2c2f2b7d4c19647b663,130,319,1076,319,optimal,,288.0,288.0,288.0,0.0,0.0,1,1,1,87,0,272.0,272.0,0.0000,0.492379,0.3380949,6c405f8,Windows-AMD64,2026-09-22T05:22:53+00:00,conflict_analysis=true
timtab1,5867d1a9c1067a849211c1a61bdb8839fb0025255dde09989d0ed333e0674d7a,171,397,829,171,feasible,"stopped at the time limit of 59.9996s after 60.00s, 0 iterations, 83798 nodes",1149284.9999995101,764771.99999978,310994.99999999,838289.9999995201,0.7294013234314182,0,0,1,83798,0,28693.99999999998,28693.99999999998,0.0000,60.166436,60.0008864,6c405f8,Windows-AMD64,2026-09-22T05:22:53+00:00,conflict_analysis=true
