instance,instance_sha256,rows,columns,nonzeros,integer_columns,status,message,our_objective,published_objective,dual_bound,absolute_gap,relative_gap,matched_published,proved_optimal,independently_verified,nodes,cuts_applied,root_bound,root_bound_after_cuts,root_gap_closed,wall_seconds,solver_seconds,git_commit,machine,timestamp_utc,solver_options,threads,restarts,reduced_cost_fixings
b-ball,67c5cb2dc43704d11f456537f6a951cb8d5bfb6d74c90fb1827a3bc34abf3586,30,100,209,88,feasible,"stopped at the time limit of 59.997s after 60.00s, 0 iterations, 111007 nodes",-1.5000000000000004,-1.50000000000001,-1.8181818181818183,0.3181818181818179,0.21212121212121188,1,0,1,111007,0,-1.8181818181818183,-1.8181818181818183,0.0000,60.034665,59.9975643,0018254,Windows-AMD64,2026-09-23T03:10:47+00:00,,1,0,0
ej,8a427d75008db853496fc29759c11bb77fddd5e0a0934601710f95a0a1935b00,1,3,3,3,feasible,"stopped at the time limit of 59.9999s after 60.00s, 0 iterations, 68297 nodes",51015.0,25508.0,1.0,51014.0,0.9999803979221797,0,0,1,68297,0,1.0,1.0,0.0000,60.022716,60.00056,0018254,Windows-AMD64,2026-09-23T03:10:47+00:00,,1,0,0
enlight8,012d661241f3ef70a7ae28d89408a030ed0b7c538ccbd1e0d820af49fd7397a3,64,128,352,128,time_limit,"stopped at the time limit of 59.9998s after 60.00s, 0 iterations, 124031 nodes; no integer feasible point was found, so the point reported is the last LP relaxation, fractional by 5.000e-01",27.0,27.0,20.0,7.0,0.25925925925925924,1,0,,124031,0,1.0000000000000004,1.0000000000000004,0.0000,60.025241,60.001042,0018254,Windows-AMD64,2026-09-23T03:10:47+00:00,,1,0,0
enlight_hard,942168c2126a2a91ae3ec1ededea59bc1af0cad55f94223edf4c03d20e831f66,100,200,560,200,time_limit,"stopped at the time limit of 59.9998s after 60.00s, 0 iterations, 96869 nodes; no integer feasible point was found, so the point reported is the last LP relaxation, fractional by 5.000e-01",26.0,37.0,23.0,3.0,0.11538461538461539,0,0,,96869,0,15.500000000000002,15.500000000000002,0.0000,60.028454,60.000729,0018254,Windows-AMD64,2026-09-23T03:10:47+00:00,,1,0,0
f2gap40400,f592e8d127e1f3c5d36d65b05ddcb88ad5bf34d23de7e22941fd050221314a74,40,400,800,400,optimal,,20772.0,20771.99999999983,20772.0,0.0,0.0,1,1,1,541,0,20650.89815396325,20650.89815396325,0.0000,1.675978,1.6594436,0018254,Windows-AMD64,2026-09-23T03:10:47+00:00,,1,0,0
flugpl,d0b817caf496c95336f64815a740d6a54db1e37924785fcfd3c5da3ee6a15640,18,18,46,11,optimal,,1201500.0,1201500.0,1201500.0,0.0,0.0,1,1,1,801,0,1167185.7255923203,1167185.7255923203,0.0000,0.056176,0.0377088,0018254,Windows-AMD64,2026-09-23T03:10:47+00:00,,1,0,0
gen-ip016,ba1599099bccf0cf78cbc7e4c181f03a3af877b1ba596dac67ad296c81220bee,24,28,672,28,feasible,"stopped at the time limit of 59.9998s after 60.00s, 0 iterations, 108459 nodes",-9438.111136408,-9476.155197,-9500.350528893525,62.23939248552415,0.006594475482009581,0,0,1,108459,0,-9505.628172760296,-9505.628172760296,0.0000,60.027653,60.0006008,0018254,Windows-AMD64,2026-09-23T03:10:47+00:00,,1,0,0
gen-ip054,b5089ebc97c43bd583fcadf30955b8800861044d632d747c0b7ac73f19b9e6f3,27,30,532,30,feasible,"stopped at the time limit of 59.9998s after 60.00s, 0 iterations, 104695 nodes",6859.0846354899995,6840.96564179,6789.249116179611,69.83551931038892,0.010181463419921776,0,0,1,104695,0,6765.209042727767,6765.209042727767,0.0000,60.028859,60.0004925,0018254,Windows-AMD64,2026-09-23T03:10:47+00:00,,1,0,0
gr4x6,ecb539938284a6453b8b94f47dfdd88d635e47cfd2977365f7246bb62ed562c7,34,48,96,24,optimal,,202.35,202.3499999999979,202.35,0.0,0.0,1,1,1,77,0,185.55,185.55,0.0000,0.046421,0.0242725,0018254,Windows-AMD64,2026-09-23T03:10:47+00:00,,1,0,0
gt2,67e1ac3d5504e6b033cecd78b66091e3b64952a90147613d7c87e9652422a005,29,188,376,188,optimal,,21166.0,21165.99999999978,21166.0,0.0,0.0,1,1,1,253,0,13460.233074411899,13460.233074411899,0.0000,0.157071,0.137385,0018254,Windows-AMD64,2026-09-23T03:10:47+00:00,,1,0,0
k16x240b,9419777aed4f6f709363418843c01d447253f8545ab886dda1834c98f82bed71,256,480,960,240,feasible,"stopped at the time limit of 59.9995s after 60.00s, 0 iterations, 86512 nodes",11878.0,11392.99999884458,6959.701000000001,4918.298999999999,0.4140679407307627,0,0,1,86512,0,3320.7709999999997,3320.7709999999997,0.0000,60.039233,60.0006447,0018254,Windows-AMD64,2026-09-23T03:10:47+00:00,,1,0,0
markshare1,83516aa1a1d503f01fcea273586406486623370158a119164bd2ffa3594d4752,6,62,312,50,feasible,"stopped at the time limit of 59.9998s after 60.00s, 0 iterations, 116744 nodes",29.00000000000038,0.9999999999990905,0.0,29.00000000000038,1.0,0,0,1,116744,0,0.0,0.0,0.0000,60.028212,60.000369,0018254,Windows-AMD64,2026-09-23T03:10:47+00:00,,1,0,0
markshare_4_0,1a1feb04f5637db9f69be53bd6224fcd9fe5b8d750870d9b2002b535d25f4353,4,34,123,30,feasible,"stopped at the time limit of 59.9998s after 60.00s, 0 iterations, 152384 nodes",7.000000000000043,1.0,0.0,7.000000000000043,1.0,0,0,1,152384,0,0.0,0.0,0.0000,60.039348,60.0002243,0018254,Windows-AMD64,2026-09-23T03:10:47+00:00,,1,0,0
markshare_5_0,5309e16f917ec25e9f70402a8c039d4595a91c9499f682b1483babfff5f55b4a,5,45,203,40,feasible,"stopped at the time limit of 59.9998s after 60.00s, 0 iterations, 126030 nodes",28.000000000000167,1.0,0.0,28.000000000000167,1.0,0,0,1,126030,0,0.0,0.0,0.0000,60.030285,60.0011794,0018254,Windows-AMD64,2026-09-23T03:10:47+00:00,,1,0,0
neos-1425699,66f7ae93f5715a025ebc2d2ff9b90abdd62b7bd1edefc48307ec38c19d9e722e,89,105,430,85,optimal,,3179698977.0,3179698976.996124,3179698977.0,0.0,0.0,1,1,1,3,0,3175561447.5053167,3175561447.5053167,0.0000,0.023931,0.0034204,0018254,Windows-AMD64,2026-09-23T03:10:47+00:00,,1,0,0
neos-3072252-nete,91c4f0c863a0597d78ae6ad67a22d711f522319eb4365f7d4b9ec6b3102c01d2,432,576,1292,144,feasible,"stopped at the time limit of 59.9996s after 60.00s, 0 iterations, 41508 nodes",12318915.0,11807698.0,10625739.0,1693176.0,0.13744522143386817,0,0,1,41508,0,10593526.0,10593526.0,0.0000,60.032571,60.0011733,0018254,Windows-AMD64,2026-09-23T03:10:47+00:00,,1,0,0
neos-3611689-kaihu,60004f4ee9cef8f8e7e9d811d5de63e75e6e96b577a54c923ef1971b89a87039,323,421,1014,88,feasible,"stopped at the time limit of 59.9996s after 60.00s, 0 iterations, 62812 nodes",119.0,119.0,115.0,4.0,0.03361344537815126,1,0,1,62812,0,100.87875,100.87875,0.0000,60.032631,60.0004192,0018254,Windows-AMD64,2026-09-23T03:10:47+00:00,,1,0,0
neos-5140963-mincio,cf5cafaab453d0d450f7e654dfc85e0492a1a20d9229c0371158a6cc88b1de4b,184,196,834,183,feasible,"stopped at the time limit of 59.9997s after 60.00s, 0 iterations, 78729 nodes",14851.0,14393.0,11683.0,3168.0,0.21331896841963505,0,0,1,78729,0,8877.000000000002,8877.000000000002,0.0000,60.029434,60.000188,0018254,Windows-AMD64,2026-09-23T03:10:47+00:00,,1,0,0
neos-5192052-neckar,a683554818c078fca80fe21c0f452463d5d6a051f6898d9da641d5d9f9575906,57,180,545,24,optimal,,-11670000.0,-11670000.0,-11670000.0,0.0,0.0,1,1,1,9,0,-11980000.0,-11980000.0,0.0000,0.023308,0.0047202,0018254,Windows-AMD64,2026-09-23T03:10:47+00:00,,1,0,0
neos5,2888e9aeb10a4cf16d3b9ad221302fd3de815ce1454b31e660ebd060589c1072,63,63,2016,53,feasible,"stopped at the time limit of 59.9997s after 60.00s, 0 iterations, 50768 nodes",15.5,15.0,14.0,1.5,0.0967741935483871,0,0,1,50768,0,13.0,13.0,0.0000,60.027059,60.0024514,0018254,Windows-AMD64,2026-09-23T03:10:47+00:00,,1,0,0
noswot,f4ac4805801d06bd12e7f67204101928413f7df27fa347bfca1c918e29bca86b,182,128,735,100,feasible,"stopped at the time limit of 59.9998s after 60.00s, 0 iterations, 89711 nodes",-41.0,-41.00000885,-43.0,2.0,0.04878048780487805,1,0,1,89711,0,-43.00000000000001,-43.00000000000001,0.0000,60.025824,60.0002329,0018254,Windows-AMD64,2026-09-23T03:10:47+00:00,,1,0,0
opt1217,21f16d1bd1d917a2b17af6b7b40f6899d75ae4dbf0621f14da71ed2471280124,64,769,1542,768,feasible,"stopped at the time limit of 59.9996s after 60.00s, 0 iterations, 75814 nodes",-15.999999999999998,-16.00000000000012,-20.0,4.000000000000002,0.25000000000000017,1,0,1,75814,0,-20.02139037433155,-20.02139037433155,0.0000,60.032740,60.0003465,0018254,Windows-AMD64,2026-09-23T03:10:47+00:00,,1,0,0
p0201,2ecd7f035c546453ffd5e4fe12cf41c111be192411c4cb7e268b3c8ba81e5335,133,201,1923,201,optimal,,7615.0,7614.999999999997,7615.0,0.0,0.0,1,1,1,548,0,6875.0,6875.0,0.0000,1.225981,1.2062183,0018254,Windows-AMD64,2026-09-23T03:10:47+00:00,,1,0,0
pk1,6c64530538b254a8ae648f8f8f188847366ae52da560fdec0ad290c642973ba0,45,86,915,55,feasible,"stopped at the time limit of 59.9998s after 60.00s, 0 iterations, 109798 nodes",14.000000000000085,11.0,5.190903198673626,8.80909680132646,0.6292212000947432,0,0,1,109798,0,0.0,0.0,0.0000,60.025190,60.0006429,0018254,Windows-AMD64,2026-09-23T03:10:47+00:00,,1,0,0
ran12x21,15ad9b8724f5ba4f6ac958e442040a68abab37943e6a0a4cdf59f8a24e03e2b6,285,504,1008,252,feasible,"stopped at the time limit of 59.9997s after 60.00s, 0 iterations, 74376 nodes",3681.0,3663.999999980964,3495.769714609103,185.23028539089682,0.05032064259464733,0,0,1,74376,0,3157.377442025726,3157.377442025726,0.0000,60.027428,59.999964,0018254,Windows-AMD64,2026-09-23T03:10:47+00:00,,1,0,0
ran13x13,ddf6f7b055f8cc7442c39a5f3853c3813a8b1f18ae66378d752938337b9cc579,195,338,676,169,feasible,"stopped at the time limit of 59.9998s after 60.00s, 0 iterations, 98242 nodes",3319.0,3252.0,3147.7423687423684,171.2576312576316,0.051599165790187286,0,0,1,98242,0,2691.439468864469,2691.439468864469,0.0000,60.028627,59.9999576,0018254,Windows-AMD64,2026-09-23T03:10:47+00:00,,1,0,0
rlp1,edd6f521c7abe8b2de7425601d1739599b44d27bc192e8c757fe9b5ba03fa2c3,68,461,836,450,feasible,"stopped at the time limit of 59.9998s after 60.00s, 0 iterations, 83650 nodes",14.999999999999996,14.99999999990919,14.0,0.9999999999999964,0.06666666666666644,1,0,1,83650,0,13.244444444444444,13.244444444444444,0.0000,60.030742,60.0006511,0018254,Windows-AMD64,2026-09-23T03:10:47+00:00,,1,0,0
supportcase14,a8cb263fed392f55c3a506274e69b5172ae82d308cf05240bde0c8070df7c5f5,234,304,1129,304,optimal,,288.0,288.0,288.0,0.0,0.0,1,1,1,57,0,272.00000000000017,272.00000000000017,0.0000,0.294467,0.2775463,0018254,Windows-AMD64,2026-09-23T03:10:47+00:00,,1,0,0
supportcase16,2063fbcfb893abb2c80662ba88e473b13cbc89402aeae2c2f2b7d4c19647b663,130,319,1076,319,optimal,,288.0,288.0,288.0,0.0,0.0,1,1,1,97,0,272.0,272.0,0.0000,0.393329,0.3707452,0018254,Windows-AMD64,2026-09-23T03:10:47+00:00,,1,0,0
timtab1,5867d1a9c1067a849211c1a61bdb8839fb0025255dde09989d0ed333e0674d7a,171,397,829,171,feasible,"stopped at the time limit of 59.9997s after 60.00s, 0 iterations, 89674 nodes",1216709.9999996598,764771.99999978,339819.00000009994,876890.99999956,0.7207066597626428,0,0,1,89674,0,28693.99999999998,28693.99999999998,0.0000,60.032485,60.0008307,0018254,Windows-AMD64,2026-09-23T03:10:47+00:00,,1,0,0
