instance,instance_sha256,status_base,status_new,matches_base,matches_new,verified_base,verified_new,exact_base,exact_new,iterations_base,iterations_new,median_solver_seconds_base,median_solver_seconds_new,ratio,repeats,commit_base,commit_new,machine
25fv47,e0da0d47ae56bef34f11ac03563027da57dd4ab792d978c0dc8e27a16117f627,optimal,optimal,1,1,1,1,1,1,4586,4586,2.5426,1.8633,0.7328,3,eb6f58af,490c192d-dirty,Windows-AMD64
80bau3b,22aef70f5ce164435b15c5c0aa3be93a99932dc136eb936eb17835a661087b9f,optimal,optimal,0,0,1,1,1,1,3887,3887,1.2935,1.1798,0.9121,3,eb6f58af,490c192d-dirty,Windows-AMD64
adlittle,db211f7bf735518a246a2a0e385ec51abc09cd601da7ae50d6c3fe083cb6f94b,optimal,optimal,1,1,1,1,1,1,86,86,0.2464,0.0092,0.0373,3,eb6f58af,490c192d-dirty,Windows-AMD64
afiro,04992b87e57e57c1c417c96b846833bfa12e055eeaa623f043c45fc773b5be41,optimal,optimal,1,1,1,1,1,1,13,13,0.0797,0.0160,0.2012,3,eb6f58af,490c192d-dirty,Windows-AMD64
agg,d7844795d0c799f5cdc1416c8d242f5e8f351f5a3271f42a2d428f170abf1f03,optimal,optimal,1,1,1,1,1,1,140,140,0.4206,0.1213,0.2883,3,eb6f58af,490c192d-dirty,Windows-AMD64
agg2,0515e9b78a802f9473578b23a7a60075554fc39ea7b5796fb41530cd760e4534,optimal,optimal,1,1,1,1,1,1,165,165,0.2253,0.2349,1.0425,3,eb6f58af,490c192d-dirty,Windows-AMD64
agg3,1a6e78a0b7d210c935c97527ce49449d0655f9605fcbc33bfdfc93952f3b12d1,optimal,optimal,1,1,1,1,1,1,168,168,0.1359,0.1528,1.1247,3,eb6f58af,490c192d-dirty,Windows-AMD64
bandm,696daa77a79a0715c2fad877285e49bd7fcd7f5513f3cb83fbe0be916b6d8c81,optimal,optimal,1,1,1,1,1,1,520,520,0.2759,0.1583,0.5736,3,eb6f58af,490c192d-dirty,Windows-AMD64
beaconfd,7138e7b58b1d6160f1ad42112a61ed00b5db1c92d73dc48d77f6a26fc717dbfc,optimal,optimal,1,1,1,1,1,1,115,115,0.2959,0.2416,0.8164,3,eb6f58af,490c192d-dirty,Windows-AMD64
blend,38e1d84a38f1e0adaa16d3dd0abe758f6cea13a21f33681aa92742b693260aef,optimal,optimal,1,1,1,1,1,1,99,99,0.2667,0.0964,0.3612,3,eb6f58af,490c192d-dirty,Windows-AMD64
bnl1,7a842adca058eaa3cb712b3bbae357602f22df6cc318c4d278f6600167fe2300,optimal,optimal,1,1,1,1,1,1,1674,1674,1.0737,0.3652,0.3401,3,eb6f58af,490c192d-dirty,Windows-AMD64
bnl2,eafd7e49005db1a020d420b3fbed2e124bebf46740c0b2550edcbaa17b07ad6b,optimal,optimal,1,1,1,1,1,1,2377,2377,0.7734,0.5441,0.7035,3,eb6f58af,490c192d-dirty,Windows-AMD64
boeing1,1d9d58afaf41bad6866d5355330b261d3776ca86753d121eb9b688ee6128ab9e,optimal,optimal,1,1,1,1,1,1,465,465,0.2252,0.1196,0.5311,3,eb6f58af,490c192d-dirty,Windows-AMD64
boeing2,e12e729b8c09bf6e6934af40b728e460d4eb360c42419b791b68fb2271ddd61a,optimal,optimal,1,1,1,1,1,1,223,223,0.1194,0.1466,1.2281,3,eb6f58af,490c192d-dirty,Windows-AMD64
bore3d,c7cfe0d4abd466346e3cda4e16d00651f44f3ce1da317cf583c5fed5dfc0515a,optimal,optimal,1,1,1,1,1,1,162,162,0.2413,0.4599,1.9059,3,eb6f58af,490c192d-dirty,Windows-AMD64
brandy,56fa020b84a0a106b7883b7da006c2852449598898c41ec8dd2575151d0e0917,optimal,optimal,1,1,1,1,1,1,299,299,0.1032,0.1295,1.2549,3,eb6f58af,490c192d-dirty,Windows-AMD64
capri,4932bc8861fcdaf19256827b7ee229941fa6f2e84f2044b65300326c226fba78,optimal,optimal,1,1,1,1,1,1,259,259,0.3869,0.1733,0.4480,3,eb6f58af,490c192d-dirty,Windows-AMD64
cycle,bfc8edde30952b8dfa354679ea3a3231c2e7eb762c0ff8f0f845505741816d53,optimal,optimal,1,1,1,1,1,1,335,335,0.2061,0.1824,0.8850,3,eb6f58af,490c192d-dirty,Windows-AMD64
czprob,b1f30bd25705fcc3c4f195d7e627e437788035f81fae9198e3096471b947f704,optimal,optimal,1,1,1,1,1,1,981,981,0.3991,0.1453,0.3641,3,eb6f58af,490c192d-dirty,Windows-AMD64
d2q06c,fb1516a10aba6a4101cea6cec90c1da775ac60d2d2cd96e902bbe21a430790c9,optimal,optimal,1,1,1,1,1,1,14998,14998,12.6775,12.0158,0.9478,3,eb6f58af,490c192d-dirty,Windows-AMD64
d6cube,8cd94ee7783bcbce884acde1f4769f5c79739c9460fe73cb948924e724b02dfa,optimal,optimal,1,1,1,1,1,1,868,868,0.5383,0.8677,1.6120,3,eb6f58af,490c192d-dirty,Windows-AMD64
degen2,755cf6ca5f3a8ed1b8b68372e8d2d3b5efee784ee69b1dada923c6ff04ee0edb,optimal,optimal,1,1,1,1,1,1,611,611,0.2779,0.1632,0.5872,3,eb6f58af,490c192d-dirty,Windows-AMD64
degen3,08d600688c524fea548e946af5551ef8c359c7a7e71b8841acc839b00eefadeb,optimal,optimal,1,1,1,1,1,1,3164,3164,1.3364,1.4088,1.0541,3,eb6f58af,490c192d-dirty,Windows-AMD64
dfl001,85d47c5f8a5fc53772eabac1805b7a1af72431cad9e14d26d673043980952730,optimal,optimal,1,1,1,1,1,1,85012,85012,226.1404,222.8594,0.9855,3,eb6f58af,490c192d-dirty,Windows-AMD64
e226,ddf56486daea52c8592b520aeb83d329223a1b45a3e5a269bd663ef9195bd8d8,optimal,optimal,0,0,1,1,1,1,435,435,0.1765,0.1298,0.7357,3,eb6f58af,490c192d-dirty,Windows-AMD64
etamacro,41701e1add7af2ed2b21a421ab7271bc867e6bc7ad98ac189748d6522e7d4926,optimal,optimal,1,1,1,1,1,1,779,779,0.2170,0.6616,3.0493,3,eb6f58af,490c192d-dirty,Windows-AMD64
fffff800,9d6695686c15d5f1b4f43b2ce8830c1d38df3a204717d8875f144aa21b33901e,optimal,optimal,1,1,1,1,1,1,706,706,0.1009,0.2852,2.8268,3,eb6f58af,490c192d-dirty,Windows-AMD64
finnis,891821f24a8cd14af78b95bb460a56f0e0b5410a59ad01ab58d9daf3387e7546,optimal,optimal,1,1,1,1,1,1,398,398,0.7767,0.7902,1.0174,3,eb6f58af,490c192d-dirty,Windows-AMD64
fit1d,59cee4fedd040a05c05d8410474ee014f42ef910e083689202be708491fe8717,optimal,optimal,1,1,1,1,1,1,56,56,0.0480,0.0787,1.6390,3,eb6f58af,490c192d-dirty,Windows-AMD64
fit1p,416e77d83daf74dee5ec1d253b77f8e252ff3e27cd123459218b02ef2be0df17,optimal,optimal,1,1,1,1,1,1,1088,1088,0.2767,0.1937,0.6999,3,eb6f58af,490c192d-dirty,Windows-AMD64
fit2d,1c16c328c0358ab175596bdd6b9a2c5d1cb4bb53b099d5d1f2a208a889c7bafc,optimal,optimal,1,1,1,1,1,1,226,226,0.2514,0.2927,1.1643,3,eb6f58af,490c192d-dirty,Windows-AMD64
fit2p,0f44de8ea974ed4cc04fb60ccd2707c2f887dc65f8b6b9bd1e9f01bb59dd4a4f,optimal,optimal,1,1,1,1,1,1,10207,10207,12.3938,12.9638,1.0460,3,eb6f58af,490c192d-dirty,Windows-AMD64
forplan,65ec816c0b3c58ec4d61574df130a3ce464abb42f3d49de21710a787bf3cfdc7,optimal,optimal,1,1,1,1,1,1,298,298,0.0593,0.2909,4.9025,3,eb6f58af,490c192d-dirty,Windows-AMD64
ganges,f655f33ba979a59d659a8605acaf480c2fe5c610f3a50921bbcac7be40546067,optimal,optimal,0,0,1,1,1,1,1183,1183,0.1869,0.1604,0.8581,3,eb6f58af,490c192d-dirty,Windows-AMD64
gfrd-pnc,d66ea78a803e91e4f38dcd74ca4c575aa742e27e7120c1c3494d4d424ee5c936,optimal,optimal,1,1,1,1,1,1,448,448,0.2835,0.0725,0.2556,3,eb6f58af,490c192d-dirty,Windows-AMD64
greenbea,cb701e3ba5153e385b8cb6426e34b5d23bad4b1b9c9a037802e351c24b0f653d,optimal,optimal,0,0,1,1,1,1,8526,8526,3.2803,4.7634,1.4521,3,eb6f58af,490c192d-dirty,Windows-AMD64
greenbeb,21f92f6a32f71ec72c8f693d6685e4a91ecb2debec732ec61302bc866f370865,optimal,optimal,0,0,1,1,1,1,10966,10966,6.1513,6.6672,1.0839,3,eb6f58af,490c192d-dirty,Windows-AMD64
grow15,ab84e2f83d00c5bd26291e0505f23804b050bc96dc1e576d9da8f04e1f6ed51f,optimal,optimal,1,1,1,1,1,1,1238,1238,0.1771,0.8444,4.7672,3,eb6f58af,490c192d-dirty,Windows-AMD64
grow22,671111a1623539730f4caa9366c7eda43fb472137773cd9444dc96ed87f9810e,optimal,optimal,1,1,1,1,1,1,2264,2264,0.5381,0.6092,1.1322,3,eb6f58af,490c192d-dirty,Windows-AMD64
grow7,6b8734ffdf991a36f17cfddf306834a4a3ced3e17964cac9fa2983a043906cd4,optimal,optimal,1,1,1,1,1,1,337,337,0.0632,0.2584,4.0870,3,eb6f58af,490c192d-dirty,Windows-AMD64
israel,96564e1fddcbb6e3d46447fceb54b9d18260b95e95075c3a19f5812f9bf5ceeb,optimal,optimal,1,1,1,1,1,1,170,170,0.0432,0.1044,2.4193,3,eb6f58af,490c192d-dirty,Windows-AMD64
kb2,f0eb647d1d9aac84f49d88662b6b02c6cecc04496e5435be733eced36d7f48f2,optimal,optimal,1,1,1,1,1,1,51,51,0.0367,0.0564,1.5391,3,eb6f58af,490c192d-dirty,Windows-AMD64
lotfi,fcb90a1b5e02b2eae67adacd0937a073d420ca92ac6af514ee13a348d7f31623,optimal,optimal,1,1,1,1,1,1,200,200,0.0368,0.0825,2.2398,3,eb6f58af,490c192d-dirty,Windows-AMD64
maros,4910e97a363fca07d2fb72838fa26629329a9a8dcd6a4da186f560424bd67077,optimal,optimal,1,1,1,1,1,1,1802,1802,0.2531,0.9397,3.7123,3,eb6f58af,490c192d-dirty,Windows-AMD64
maros-r7,e97f59ab32a8280526c26c210aacabd6e0c05300e67a0d4afd00b95d245f8db7,optimal,optimal,1,1,1,1,1,1,28,28,42.3565,44.7282,1.0560,3,eb6f58af,490c192d-dirty,Windows-AMD64
modszk1,af109be42aa6bd62fc307b623184c69f1030db2f8e1682c636b387a49fd8da43,optimal,optimal,1,1,1,1,1,1,662,662,0.3268,0.1030,0.3153,3,eb6f58af,490c192d-dirty,Windows-AMD64
nesm,20b55063a879a649ef5c7a1a701f81917717b414943f58dea37a1c30495bc5ba,optimal,optimal,0,0,1,1,1,1,3321,3321,0.6784,0.6402,0.9437,3,eb6f58af,490c192d-dirty,Windows-AMD64
perold,040ed4572876366cd979b6811ee20d706abba6998616b0e53201ea1e043acacd,optimal,optimal,1,1,1,1,1,1,2492,2492,0.8137,0.8510,1.0459,3,eb6f58af,490c192d-dirty,Windows-AMD64
pilot,26916951225f695c68c474adb2e1e052e4c1b3479d6a11fbd579fd20d4e7d2eb,optimal,optimal,0,0,1,1,1,1,6226,6226,7.8674,6.3541,0.8077,3,eb6f58af,490c192d-dirty,Windows-AMD64
pilot.ja,c0cea98ca60001558b561e3195b84b8d3fd33eeeb695ddba6836bfa29d06d50f,optimal,optimal,1,1,1,1,1,1,3220,3220,1.2063,1.6791,1.3919,3,eb6f58af,490c192d-dirty,Windows-AMD64
pilot.we,5c3e8ed78a522c7df2cac39435efd0552273b8e942b03186997ee9011cd1015a,optimal,optimal,0,0,1,1,1,1,5254,5254,1.5058,1.9638,1.3042,3,eb6f58af,490c192d-dirty,Windows-AMD64
pilot4,67e872aae722a493f5c2c8f88e3d70d093eea116093874ea43852c864a687cba,optimal,optimal,1,1,1,1,1,1,4,4,0.1343,0.6371,4.7429,3,eb6f58af,490c192d-dirty,Windows-AMD64
pilot87,0ecfcc173d82c8a0252f58a99b2a529d8ad0155ee9212b8451cc25c0e387caa4,optimal,optimal,0,0,1,1,1,1,23291,23291,126.6139,140.3439,1.1084,3,eb6f58af,490c192d-dirty,Windows-AMD64
pilotnov,2b000b6da9fb539e3303d5b81f00cc74f430e7ed52d7666ff1ef835bf060773d,optimal,optimal,1,1,1,1,1,1,2311,2311,0.6010,0.9895,1.6464,3,eb6f58af,490c192d-dirty,Windows-AMD64
recipe,277b34645cc89526db4a3365fa781ce28aa9768a65c4f301416a8a05c934af61,optimal,optimal,1,1,1,1,1,1,40,40,0.1501,0.3702,2.4658,3,eb6f58af,490c192d-dirty,Windows-AMD64
sc105,062d034400be956757316a9bde8e6de3d221a88fb5dc502def743f1883e23ec3,optimal,optimal,1,1,1,1,1,1,98,98,0.1145,0.5228,4.5648,3,eb6f58af,490c192d-dirty,Windows-AMD64
sc205,bcecc8d8cafd08c6d97cf8e39a740f5d777e317600bb9f6f158f2ceb550005f9,optimal,optimal,1,1,1,1,1,1,232,232,0.3160,1.1832,3.7449,3,eb6f58af,490c192d-dirty,Windows-AMD64
sc50a,36bfce2f419555712bf1b9a8477541199073c7654475d933475cea6db0abe2f2,optimal,optimal,1,1,1,1,1,1,42,42,0.1709,0.2654,1.5529,3,eb6f58af,490c192d-dirty,Windows-AMD64
sc50b,bfc47ffcf8f037552130a75142a203dc768d82d15c3b7b9f718c444ffa472f15,optimal,optimal,1,1,1,1,1,1,42,42,0.0083,0.1162,14.0825,3,eb6f58af,490c192d-dirty,Windows-AMD64
scagr25,7bac79b91dec46966af26a236d593c823f1e61eb055597426365e4f6bc36df76,optimal,optimal,1,1,1,1,1,1,457,457,0.1652,0.6893,4.1726,3,eb6f58af,490c192d-dirty,Windows-AMD64
scagr7,2170c16fd0cc04a823172c1564e89593e75aac5225e2c2f893a6837ba0b26085,optimal,optimal,1,1,1,1,1,1,111,111,0.1549,0.1384,0.8932,3,eb6f58af,490c192d-dirty,Windows-AMD64
scfxm1,3e602523ca64bb4fd7387da7eca577d964e08d7c04326c59937a0d58add7de25,optimal,optimal,1,1,1,1,1,1,433,433,0.0888,0.8717,9.8201,3,eb6f58af,490c192d-dirty,Windows-AMD64
scfxm2,64d44da9d2e6329705e73b1e083f52a7560124c13af4c67ff60d55b0a46b0f0e,optimal,optimal,1,1,1,1,1,1,937,937,0.3504,0.3449,0.9843,3,eb6f58af,490c192d-dirty,Windows-AMD64
scfxm3,515b442feba7cb583e03d4466da264782d898cc69093848052a7fa98ba4eac7b,optimal,optimal,1,1,1,1,1,1,1641,1641,0.4675,0.7178,1.5353,3,eb6f58af,490c192d-dirty,Windows-AMD64
scorpion,39b61cae042ce4adffb441faec77f5cc003fa725baa25edfb1738aef93a83c5d,optimal,optimal,1,1,1,1,1,1,242,242,0.1532,0.8298,5.4170,3,eb6f58af,490c192d-dirty,Windows-AMD64
scrs8,33b12d5e3d07b47a8b837ab0bf445fbfb5980af5c825bf049c23e71fb3faf026,optimal,optimal,0,0,1,1,1,1,610,610,0.2985,0.2102,0.7041,3,eb6f58af,490c192d-dirty,Windows-AMD64
scsd1,8c4aac4987a81ef66715b5cb2debdb1993afe6cb5e2a29f32556a03802bf55f5,optimal,optimal,1,1,1,1,1,1,98,98,0.0785,0.3112,3.9658,3,eb6f58af,490c192d-dirty,Windows-AMD64
scsd6,f3da742cfa24cfadb99d510847ea1f7a361ba61537d4c2900c09b674912a5891,optimal,optimal,1,1,1,1,1,1,399,399,0.4904,0.5705,1.1632,3,eb6f58af,490c192d-dirty,Windows-AMD64
scsd8,2090a22840fe2c75730cd76336702ece7c27a739d58740926b67c4b2e57b8e5c,optimal,optimal,1,1,1,1,1,1,1563,1563,0.5954,2.1649,3.6358,3,eb6f58af,490c192d-dirty,Windows-AMD64
sctap1,2b1ab5950d3e37fd21327892e2bc830c5f0d8d3fc1f687c0f57a5cdefd9caa21,optimal,optimal,1,1,1,1,1,1,278,278,0.1132,0.7782,6.8722,3,eb6f58af,490c192d-dirty,Windows-AMD64
sctap2,673d50e3b929f83b1719d28ee09500890294107099518161bcf2a4f452e95fb2,optimal,optimal,1,1,1,1,1,1,775,775,0.1798,0.5690,3.1651,3,eb6f58af,490c192d-dirty,Windows-AMD64
sctap3,44e105b02a722bf19292b8aeb4779480c4eb81f40da35d64d8f4534f85000168,optimal,optimal,1,1,1,1,1,1,1111,1111,0.3899,0.4595,1.1785,3,eb6f58af,490c192d-dirty,Windows-AMD64
seba,539733cdb036e2d2e8e80e7ea1666848b6b67a36a34b1c6cf9a883e1c868ef1e,optimal,optimal,1,1,1,1,1,1,439,439,0.2108,0.2671,1.2673,3,eb6f58af,490c192d-dirty,Windows-AMD64
share1b,fafdf8b5e3d50d27f5eff40e46eb104d1e614bf2721cb5be38081f1678dbd562,optimal,optimal,1,1,1,1,1,1,136,136,0.1975,0.0738,0.3739,3,eb6f58af,490c192d-dirty,Windows-AMD64
share2b,2816c0a71096acc08fd88f65c960366856802c074601e5fa544f9c3eab640c96,optimal,optimal,1,1,1,1,1,1,124,124,0.0901,0.2867,3.1805,3,eb6f58af,490c192d-dirty,Windows-AMD64
shell,e21331e8282f8d8616cbee27e093e50d140ea03f9bc3fd0b6da0ccff638d2f91,optimal,optimal,1,1,1,1,1,1,461,461,0.1113,0.3914,3.5151,3,eb6f58af,490c192d-dirty,Windows-AMD64
ship04l,e7c46bfd6492a400220cf1f5f093f264901fd0e8534dd8cbb060d491612dc881,optimal,optimal,1,1,1,1,1,1,447,447,0.1968,0.4862,2.4706,3,eb6f58af,490c192d-dirty,Windows-AMD64
ship04s,2ed2828b251173a05004349121cd9a271a3434bf2efe4e1b70d7e0bdf2d76f94,optimal,optimal,1,1,1,1,1,1,296,296,0.1559,0.6421,4.1181,3,eb6f58af,490c192d-dirty,Windows-AMD64
ship08l,58b6142628facaa1b056f32f9f47167097db66825f0c6b42c6f65e4da1b5da07,optimal,optimal,1,1,1,1,1,1,743,743,0.3030,0.9267,3.0582,3,eb6f58af,490c192d-dirty,Windows-AMD64
ship08s,bdf5671548dde27b0d83c244914036e58081c4683786b2fd132277f577c9a7d8,optimal,optimal,1,1,1,1,1,1,422,422,0.2937,0.5675,1.9327,3,eb6f58af,490c192d-dirty,Windows-AMD64
ship12l,87bf21f83ae0c5a87aa73ee2d8e2bd4a6a72b3c6cbdc603853dbb7b43b824911,optimal,optimal,1,1,1,1,1,1,1063,1063,0.2528,0.1820,0.7198,3,eb6f58af,490c192d-dirty,Windows-AMD64
ship12s,43bacbc026b0b5588ed9bec06b11fadfbff8beb19b4e84881370a57cc6540e5d,optimal,optimal,1,1,1,1,1,1,590,590,0.2286,0.7124,3.1169,3,eb6f58af,490c192d-dirty,Windows-AMD64
sierra,dbabb4bb56b9de7efbca7df842922c7c1ef620bcbee2aeb28f4bf3c5a3868cc9,optimal,optimal,1,1,1,1,1,1,550,550,0.2467,0.7177,2.9091,3,eb6f58af,490c192d-dirty,Windows-AMD64
stair,30a16ec0d02cf6c490495340d2a718f533d8e5d88f839693eb4bc06671bd8649,optimal,optimal,1,1,1,1,1,1,445,445,0.3331,1.0916,3.2768,3,eb6f58af,490c192d-dirty,Windows-AMD64
standata,a513e8587cb8d72ac1f6fb07b33642a212f55646fb2c04521cdfd04b959c6fb1,optimal,optimal,1,1,1,1,1,1,51,51,0.1185,0.1057,0.8922,3,eb6f58af,490c192d-dirty,Windows-AMD64
standmps,93bd6bc6251b7fee0f943e1c69a7b7e836b4b34e4c011c1a871be66a1cb7e00d,optimal,optimal,1,1,1,1,1,1,197,197,0.1750,0.4751,2.7140,3,eb6f58af,490c192d-dirty,Windows-AMD64
stocfor1,98e1cb3940233e044e3d0e50869539087acdf8f0862916f777e553afc705ba90,optimal,optimal,1,1,1,1,1,1,104,104,0.1311,0.6668,5.0853,3,eb6f58af,490c192d-dirty,Windows-AMD64
stocfor2,d54988bc39e9c48d13c8a3248913e9b6b77c2f8e9b9f4c3e4c76b060f6096b50,optimal,optimal,1,1,1,1,1,1,1877,1877,0.4447,0.5355,1.2042,3,eb6f58af,490c192d-dirty,Windows-AMD64
stocfor3,be37b15c7a6f0751476f4a940af74c9fb2876fdc0887b5c820c49277db0e20b1,optimal,optimal,0,0,1,1,1,1,14487,14487,29.3505,17.8164,0.6070,3,eb6f58af,490c192d-dirty,Windows-AMD64
truss,fcabea737e4cdd5cf70e70918632f6be7a7c93a4941c176bc2d5e1fd75170547,optimal,optimal,1,1,1,1,1,1,14279,14279,9.3771,13.3752,1.4264,3,eb6f58af,490c192d-dirty,Windows-AMD64
tuff,768782d2ab2d7d044061f56ba54ddd53cf5ea0666a965edd33d48803098e15e2,optimal,optimal,1,1,1,1,1,1,242,242,0.1717,0.1818,1.0586,3,eb6f58af,490c192d-dirty,Windows-AMD64
vtp.base,7c34b37d7714796bc0fe30d920f3ecf9866c018a018ee0349ceb85350581dc68,optimal,optimal,1,1,1,1,1,1,162,162,0.0166,0.3274,19.6777,3,eb6f58af,490c192d-dirty,Windows-AMD64
wood1p,af3cac48f0727f1d9e1f1ecfa6de30168678800b39e38a808b5df90a48d61330,optimal,optimal,1,1,1,1,1,1,219,219,0.6488,0.0826,0.1273,3,eb6f58af,490c192d-dirty,Windows-AMD64
woodw,01450b5407d3bb282595e2874e78c26dd7cdde87d70d663065e58bd3e6c288b0,optimal,optimal,1,1,1,1,1,1,2495,2495,2.2136,1.2533,0.5662,3,eb6f58af,490c192d-dirty,Windows-AMD64
