instance,seeds,seeds_matched,seeds_proved,matched_seeds,proved_seeds,sgm_seconds,sgm_first_feasible_seconds,mean_primal_integral,time_limit,git_commit,machine
10teams,3,3,3,0 1 2,0 1 2,18.9905,15.2331,19.6562,300,f2cf240,"E2E TIR C3 container, 16 vCPU 32 GB (cgroup limits), AMD EPYC 9555 64-Core Processor host, nothing else running; AMD EPYC 9555 64-Core Processor; 16 cores (cgroup quota; host 256); 30 GiB RAM (cgroup limit; host 1512 GiB); Linux-x86_64"
air03,3,3,3,0 1 2,0 1 2,1.2109,1.1287,1.1301,300,f2cf240,"E2E TIR C3 container, 16 vCPU 32 GB (cgroup limits), AMD EPYC 9555 64-Core Processor host, nothing else running; AMD EPYC 9555 64-Core Processor; 16 cores (cgroup quota; host 256); 30 GiB RAM (cgroup limit; host 1512 GiB); Linux-x86_64"
air04,3,3,3,0 1 2,0 1 2,82.2356,10.4810,12.6607,300,f2cf240,"E2E TIR C3 container, 16 vCPU 32 GB (cgroup limits), AMD EPYC 9555 64-Core Processor host, nothing else running; AMD EPYC 9555 64-Core Processor; 16 cores (cgroup quota; host 256); 30 GiB RAM (cgroup limit; host 1512 GiB); Linux-x86_64"
air05,3,3,3,0 1 2,0 1 2,42.4564,4.9815,5.3750,300,f2cf240,"E2E TIR C3 container, 16 vCPU 32 GB (cgroup limits), AMD EPYC 9555 64-Core Processor host, nothing else running; AMD EPYC 9555 64-Core Processor; 16 cores (cgroup quota; host 256); 30 GiB RAM (cgroup limit; host 1512 GiB); Linux-x86_64"
bell3a,3,3,3,0 1 2,0 1 2,14.1796,0.0101,0.0101,300,f2cf240,"E2E TIR C3 container, 16 vCPU 32 GB (cgroup limits), AMD EPYC 9555 64-Core Processor host, nothing else running; AMD EPYC 9555 64-Core Processor; 16 cores (cgroup quota; host 256); 30 GiB RAM (cgroup limit; host 1512 GiB); Linux-x86_64"
bell5,3,3,2,0 1 2,1 2,170.9374,0.0703,0.0715,300,f2cf240,"E2E TIR C3 container, 16 vCPU 32 GB (cgroup limits), AMD EPYC 9555 64-Core Processor host, nothing else running; AMD EPYC 9555 64-Core Processor; 16 cores (cgroup quota; host 256); 30 GiB RAM (cgroup limit; host 1512 GiB); Linux-x86_64"
blend2,3,3,3,0 1 2,0 1 2,3.7895,0.7776,0.9021,300,f2cf240,"E2E TIR C3 container, 16 vCPU 32 GB (cgroup limits), AMD EPYC 9555 64-Core Processor host, nothing else running; AMD EPYC 9555 64-Core Processor; 16 cores (cgroup quota; host 256); 30 GiB RAM (cgroup limit; host 1512 GiB); Linux-x86_64"
cap6000,3,0,0,,,300.0000,1.0426,1.1532,300,f2cf240,"E2E TIR C3 container, 16 vCPU 32 GB (cgroup limits), AMD EPYC 9555 64-Core Processor host, nothing else running; AMD EPYC 9555 64-Core Processor; 16 cores (cgroup quota; host 256); 30 GiB RAM (cgroup limit; host 1512 GiB); Linux-x86_64"
danoint,3,1,0,0,,300.0000,3.0695,25.6290,300,f2cf240,"E2E TIR C3 container, 16 vCPU 32 GB (cgroup limits), AMD EPYC 9555 64-Core Processor host, nothing else running; AMD EPYC 9555 64-Core Processor; 16 cores (cgroup quota; host 256); 30 GiB RAM (cgroup limit; host 1512 GiB); Linux-x86_64"
dcmulti,3,1,1,0,0,92.6631,0.5938,0.6139,300,f2cf240,"E2E TIR C3 container, 16 vCPU 32 GB (cgroup limits), AMD EPYC 9555 64-Core Processor host, nothing else running; AMD EPYC 9555 64-Core Processor; 16 cores (cgroup quota; host 256); 30 GiB RAM (cgroup limit; host 1512 GiB); Linux-x86_64"
dsbmip,3,3,3,0 1 2,0 1 2,3.1314,0.6022,0.6794,300,f2cf240,"E2E TIR C3 container, 16 vCPU 32 GB (cgroup limits), AMD EPYC 9555 64-Core Processor host, nothing else running; AMD EPYC 9555 64-Core Processor; 16 cores (cgroup quota; host 256); 30 GiB RAM (cgroup limit; host 1512 GiB); Linux-x86_64"
egout,3,3,3,0 1 2,0 1 2,0.0309,0.0186,0.0187,300,f2cf240,"E2E TIR C3 container, 16 vCPU 32 GB (cgroup limits), AMD EPYC 9555 64-Core Processor host, nothing else running; AMD EPYC 9555 64-Core Processor; 16 cores (cgroup quota; host 256); 30 GiB RAM (cgroup limit; host 1512 GiB); Linux-x86_64"
enigma,3,3,3,0 1 2,0 1 2,0.8906,0.8039,0.9023,300,f2cf240,"E2E TIR C3 container, 16 vCPU 32 GB (cgroup limits), AMD EPYC 9555 64-Core Processor host, nothing else running; AMD EPYC 9555 64-Core Processor; 16 cores (cgroup quota; host 256); 30 GiB RAM (cgroup limit; host 1512 GiB); Linux-x86_64"
fast0507,3,0,0,,,300.0000,63.8492,67.1729,300,f2cf240,"E2E TIR C3 container, 16 vCPU 32 GB (cgroup limits), AMD EPYC 9555 64-Core Processor host, nothing else running; AMD EPYC 9555 64-Core Processor; 16 cores (cgroup quota; host 256); 30 GiB RAM (cgroup limit; host 1512 GiB); Linux-x86_64"
fiber,3,3,3,0 1 2,0 1 2,3.5425,0.4520,0.6513,300,f2cf240,"E2E TIR C3 container, 16 vCPU 32 GB (cgroup limits), AMD EPYC 9555 64-Core Processor host, nothing else running; AMD EPYC 9555 64-Core Processor; 16 cores (cgroup quota; host 256); 30 GiB RAM (cgroup limit; host 1512 GiB); Linux-x86_64"
flugpl,3,3,3,0 1 2,0 1 2,0.0526,0.0310,0.0310,300,f2cf240,"E2E TIR C3 container, 16 vCPU 32 GB (cgroup limits), AMD EPYC 9555 64-Core Processor host, nothing else running; AMD EPYC 9555 64-Core Processor; 16 cores (cgroup quota; host 256); 30 GiB RAM (cgroup limit; host 1512 GiB); Linux-x86_64"
gen,3,2,2,0 2,0 2,21.5459,0.0234,0.0234,300,f2cf240,"E2E TIR C3 container, 16 vCPU 32 GB (cgroup limits), AMD EPYC 9555 64-Core Processor host, nothing else running; AMD EPYC 9555 64-Core Processor; 16 cores (cgroup quota; host 256); 30 GiB RAM (cgroup limit; host 1512 GiB); Linux-x86_64"
gesa2,3,3,3,0 1 2,0 1 2,5.5388,1.4249,1.4654,300,f2cf240,"E2E TIR C3 container, 16 vCPU 32 GB (cgroup limits), AMD EPYC 9555 64-Core Processor host, nothing else running; AMD EPYC 9555 64-Core Processor; 16 cores (cgroup quota; host 256); 30 GiB RAM (cgroup limit; host 1512 GiB); Linux-x86_64"
gesa2_o,3,0,0,,,300.0000,3.2591,3.3783,300,f2cf240,"E2E TIR C3 container, 16 vCPU 32 GB (cgroup limits), AMD EPYC 9555 64-Core Processor host, nothing else running; AMD EPYC 9555 64-Core Processor; 16 cores (cgroup quota; host 256); 30 GiB RAM (cgroup limit; host 1512 GiB); Linux-x86_64"
gesa3,3,3,3,0 1 2,0 1 2,10.4431,1.3828,1.5758,300,f2cf240,"E2E TIR C3 container, 16 vCPU 32 GB (cgroup limits), AMD EPYC 9555 64-Core Processor host, nothing else running; AMD EPYC 9555 64-Core Processor; 16 cores (cgroup quota; host 256); 30 GiB RAM (cgroup limit; host 1512 GiB); Linux-x86_64"
gesa3_o,3,2,2,0 1,0 1,45.9550,2.5641,2.6629,300,f2cf240,"E2E TIR C3 container, 16 vCPU 32 GB (cgroup limits), AMD EPYC 9555 64-Core Processor host, nothing else running; AMD EPYC 9555 64-Core Processor; 16 cores (cgroup quota; host 256); 30 GiB RAM (cgroup limit; host 1512 GiB); Linux-x86_64"
gt2,3,3,3,0 1 2,0 1 2,0.0762,0.0417,0.0432,300,f2cf240,"E2E TIR C3 container, 16 vCPU 32 GB (cgroup limits), AMD EPYC 9555 64-Core Processor host, nothing else running; AMD EPYC 9555 64-Core Processor; 16 cores (cgroup quota; host 256); 30 GiB RAM (cgroup limit; host 1512 GiB); Linux-x86_64"
harp2,3,0,0,,,300.0000,6.7226,11.5597,300,f2cf240,"E2E TIR C3 container, 16 vCPU 32 GB (cgroup limits), AMD EPYC 9555 64-Core Processor host, nothing else running; AMD EPYC 9555 64-Core Processor; 16 cores (cgroup quota; host 256); 30 GiB RAM (cgroup limit; host 1512 GiB); Linux-x86_64"
khb05250,3,3,3,0 1 2,0 1 2,0.1956,0.0678,0.0682,300,f2cf240,"E2E TIR C3 container, 16 vCPU 32 GB (cgroup limits), AMD EPYC 9555 64-Core Processor host, nothing else running; AMD EPYC 9555 64-Core Processor; 16 cores (cgroup quota; host 256); 30 GiB RAM (cgroup limit; host 1512 GiB); Linux-x86_64"
l152lav,3,3,3,0 1 2,0 1 2,3.0559,0.9655,0.9741,300,f2cf240,"E2E TIR C3 container, 16 vCPU 32 GB (cgroup limits), AMD EPYC 9555 64-Core Processor host, nothing else running; AMD EPYC 9555 64-Core Processor; 16 cores (cgroup quota; host 256); 30 GiB RAM (cgroup limit; host 1512 GiB); Linux-x86_64"
lseu,3,3,3,0 1 2,0 1 2,0.2623,0.0659,0.0746,300,f2cf240,"E2E TIR C3 container, 16 vCPU 32 GB (cgroup limits), AMD EPYC 9555 64-Core Processor host, nothing else running; AMD EPYC 9555 64-Core Processor; 16 cores (cgroup quota; host 256); 30 GiB RAM (cgroup limit; host 1512 GiB); Linux-x86_64"
misc06,3,2,2,0 1,0 1,22.5098,0.2576,0.2577,300,f2cf240,"E2E TIR C3 container, 16 vCPU 32 GB (cgroup limits), AMD EPYC 9555 64-Core Processor host, nothing else running; AMD EPYC 9555 64-Core Processor; 16 cores (cgroup quota; host 256); 30 GiB RAM (cgroup limit; host 1512 GiB); Linux-x86_64"
misc07,3,3,3,0 1 2,0 1 2,107.0479,0.6677,1.8714,300,f2cf240,"E2E TIR C3 container, 16 vCPU 32 GB (cgroup limits), AMD EPYC 9555 64-Core Processor host, nothing else running; AMD EPYC 9555 64-Core Processor; 16 cores (cgroup quota; host 256); 30 GiB RAM (cgroup limit; host 1512 GiB); Linux-x86_64"
mitre,3,0,0,,,300.0000,300.0000,300.0059,300,f2cf240,"E2E TIR C3 container, 16 vCPU 32 GB (cgroup limits), AMD EPYC 9555 64-Core Processor host, nothing else running; AMD EPYC 9555 64-Core Processor; 16 cores (cgroup quota; host 256); 30 GiB RAM (cgroup limit; host 1512 GiB); Linux-x86_64"
mod008,3,3,3,0 1 2,0 1 2,1.0876,0.0036,0.0037,300,f2cf240,"E2E TIR C3 container, 16 vCPU 32 GB (cgroup limits), AMD EPYC 9555 64-Core Processor host, nothing else running; AMD EPYC 9555 64-Core Processor; 16 cores (cgroup quota; host 256); 30 GiB RAM (cgroup limit; host 1512 GiB); Linux-x86_64"
mod010,3,3,3,0 1 2,0 1 2,0.5551,0.5357,0.5365,300,f2cf240,"E2E TIR C3 container, 16 vCPU 32 GB (cgroup limits), AMD EPYC 9555 64-Core Processor host, nothing else running; AMD EPYC 9555 64-Core Processor; 16 cores (cgroup quota; host 256); 30 GiB RAM (cgroup limit; host 1512 GiB); Linux-x86_64"
mod011,3,3,3,0 1 2,0 1 2,177.6369,5.0747,8.1948,300,f2cf240,"E2E TIR C3 container, 16 vCPU 32 GB (cgroup limits), AMD EPYC 9555 64-Core Processor host, nothing else running; AMD EPYC 9555 64-Core Processor; 16 cores (cgroup quota; host 256); 30 GiB RAM (cgroup limit; host 1512 GiB); Linux-x86_64"
modglob,3,0,0,,,300.0000,0.6966,0.9154,300,f2cf240,"E2E TIR C3 container, 16 vCPU 32 GB (cgroup limits), AMD EPYC 9555 64-Core Processor host, nothing else running; AMD EPYC 9555 64-Core Processor; 16 cores (cgroup quota; host 256); 30 GiB RAM (cgroup limit; host 1512 GiB); Linux-x86_64"
noswot,3,2,0,0 2,,300.0000,0.8748,7.4447,300,f2cf240,"E2E TIR C3 container, 16 vCPU 32 GB (cgroup limits), AMD EPYC 9555 64-Core Processor host, nothing else running; AMD EPYC 9555 64-Core Processor; 16 cores (cgroup quota; host 256); 30 GiB RAM (cgroup limit; host 1512 GiB); Linux-x86_64"
nw04,3,3,3,0 1 2,0 1 2,240.9075,43.3551,44.5895,300,f2cf240,"E2E TIR C3 container, 16 vCPU 32 GB (cgroup limits), AMD EPYC 9555 64-Core Processor host, nothing else running; AMD EPYC 9555 64-Core Processor; 16 cores (cgroup quota; host 256); 30 GiB RAM (cgroup limit; host 1512 GiB); Linux-x86_64"
p0033,3,3,3,0 1 2,0 1 2,0.0234,0.0127,0.0127,300,f2cf240,"E2E TIR C3 container, 16 vCPU 32 GB (cgroup limits), AMD EPYC 9555 64-Core Processor host, nothing else running; AMD EPYC 9555 64-Core Processor; 16 cores (cgroup quota; host 256); 30 GiB RAM (cgroup limit; host 1512 GiB); Linux-x86_64"
p0201,3,3,3,0 1 2,0 1 2,1.5788,0.1455,0.2426,300,f2cf240,"E2E TIR C3 container, 16 vCPU 32 GB (cgroup limits), AMD EPYC 9555 64-Core Processor host, nothing else running; AMD EPYC 9555 64-Core Processor; 16 cores (cgroup quota; host 256); 30 GiB RAM (cgroup limit; host 1512 GiB); Linux-x86_64"
p0282,3,3,3,0 1 2,0 1 2,1.2345,0.3376,0.3862,300,f2cf240,"E2E TIR C3 container, 16 vCPU 32 GB (cgroup limits), AMD EPYC 9555 64-Core Processor host, nothing else running; AMD EPYC 9555 64-Core Processor; 16 cores (cgroup quota; host 256); 30 GiB RAM (cgroup limit; host 1512 GiB); Linux-x86_64"
p0548,3,3,3,0 1 2,0 1 2,5.9336,0.6051,1.5713,300,f2cf240,"E2E TIR C3 container, 16 vCPU 32 GB (cgroup limits), AMD EPYC 9555 64-Core Processor host, nothing else running; AMD EPYC 9555 64-Core Processor; 16 cores (cgroup quota; host 256); 30 GiB RAM (cgroup limit; host 1512 GiB); Linux-x86_64"
p2756,3,0,0,,,300.0000,3.8900,243.1904,300,f2cf240,"E2E TIR C3 container, 16 vCPU 32 GB (cgroup limits), AMD EPYC 9555 64-Core Processor host, nothing else running; AMD EPYC 9555 64-Core Processor; 16 cores (cgroup quota; host 256); 30 GiB RAM (cgroup limit; host 1512 GiB); Linux-x86_64"
pk1,3,2,2,0 1,0 1,247.1759,0.1094,77.7509,300,f2cf240,"E2E TIR C3 container, 16 vCPU 32 GB (cgroup limits), AMD EPYC 9555 64-Core Processor host, nothing else running; AMD EPYC 9555 64-Core Processor; 16 cores (cgroup quota; host 256); 30 GiB RAM (cgroup limit; host 1512 GiB); Linux-x86_64"
qiu,3,3,3,0 1 2,0 1 2,130.3278,0.7412,21.4105,300,f2cf240,"E2E TIR C3 container, 16 vCPU 32 GB (cgroup limits), AMD EPYC 9555 64-Core Processor host, nothing else running; AMD EPYC 9555 64-Core Processor; 16 cores (cgroup quota; host 256); 30 GiB RAM (cgroup limit; host 1512 GiB); Linux-x86_64"
qnet1,3,3,3,0 1 2,0 1 2,6.4336,0.8457,2.0361,300,f2cf240,"E2E TIR C3 container, 16 vCPU 32 GB (cgroup limits), AMD EPYC 9555 64-Core Processor host, nothing else running; AMD EPYC 9555 64-Core Processor; 16 cores (cgroup quota; host 256); 30 GiB RAM (cgroup limit; host 1512 GiB); Linux-x86_64"
qnet1_o,3,2,2,0 1,0 1,29.3286,1.0186,1.6136,300,f2cf240,"E2E TIR C3 container, 16 vCPU 32 GB (cgroup limits), AMD EPYC 9555 64-Core Processor host, nothing else running; AMD EPYC 9555 64-Core Processor; 16 cores (cgroup quota; host 256); 30 GiB RAM (cgroup limit; host 1512 GiB); Linux-x86_64"
rentacar,3,3,3,0 1 2,0 1 2,6.5734,5.5650,6.0965,300,f2cf240,"E2E TIR C3 container, 16 vCPU 32 GB (cgroup limits), AMD EPYC 9555 64-Core Processor host, nothing else running; AMD EPYC 9555 64-Core Processor; 16 cores (cgroup quota; host 256); 30 GiB RAM (cgroup limit; host 1512 GiB); Linux-x86_64"
rgn,3,3,3,0 1 2,0 1 2,0.3040,0.0284,0.0284,300,f2cf240,"E2E TIR C3 container, 16 vCPU 32 GB (cgroup limits), AMD EPYC 9555 64-Core Processor host, nothing else running; AMD EPYC 9555 64-Core Processor; 16 cores (cgroup quota; host 256); 30 GiB RAM (cgroup limit; host 1512 GiB); Linux-x86_64"
rout,3,0,0,,,300.0000,4.2615,4.9109,300,f2cf240,"E2E TIR C3 container, 16 vCPU 32 GB (cgroup limits), AMD EPYC 9555 64-Core Processor host, nothing else running; AMD EPYC 9555 64-Core Processor; 16 cores (cgroup quota; host 256); 30 GiB RAM (cgroup limit; host 1512 GiB); Linux-x86_64"
set1ch,3,1,1,0,0,94.6077,0.6593,0.7240,300,f2cf240,"E2E TIR C3 container, 16 vCPU 32 GB (cgroup limits), AMD EPYC 9555 64-Core Processor host, nothing else running; AMD EPYC 9555 64-Core Processor; 16 cores (cgroup quota; host 256); 30 GiB RAM (cgroup limit; host 1512 GiB); Linux-x86_64"
stein27,3,3,3,0 1 2,0 1 2,0.3696,0.0136,0.0219,300,f2cf240,"E2E TIR C3 container, 16 vCPU 32 GB (cgroup limits), AMD EPYC 9555 64-Core Processor host, nothing else running; AMD EPYC 9555 64-Core Processor; 16 cores (cgroup quota; host 256); 30 GiB RAM (cgroup limit; host 1512 GiB); Linux-x86_64"
stein45,3,3,3,0 1 2,0 1 2,58.6597,0.0678,0.9255,300,f2cf240,"E2E TIR C3 container, 16 vCPU 32 GB (cgroup limits), AMD EPYC 9555 64-Core Processor host, nothing else running; AMD EPYC 9555 64-Core Processor; 16 cores (cgroup quota; host 256); 30 GiB RAM (cgroup limit; host 1512 GiB); Linux-x86_64"
vpm1,3,3,3,0 1 2,0 1 2,0.0241,0.0153,0.0153,300,f2cf240,"E2E TIR C3 container, 16 vCPU 32 GB (cgroup limits), AMD EPYC 9555 64-Core Processor host, nothing else running; AMD EPYC 9555 64-Core Processor; 16 cores (cgroup quota; host 256); 30 GiB RAM (cgroup limit; host 1512 GiB); Linux-x86_64"
vpm2,3,3,0,0 1 2,,300.0000,0.6470,1.4256,300,f2cf240,"E2E TIR C3 container, 16 vCPU 32 GB (cgroup limits), AMD EPYC 9555 64-Core Processor host, nothing else running; AMD EPYC 9555 64-Core Processor; 16 cores (cgroup quota; host 256); 30 GiB RAM (cgroup limit; host 1512 GiB); Linux-x86_64"
